ts,type
1556137081,scanning
1556137141,scanning
1556137156,scanning
1556137186,scanning
1556137216,scanning
1556137246,scanning
1556137336,scanning
1556137516,scanning
1556137561,scanning
1556137666,scanning
1556137726,scanning
1556137756,scanning
1556138011,scanning
1556138131,scanning
1556138146,scanning
1556138176,scanning
1556138506,scanning
1556138521,scanning
1556138656,scanning
1556138701,scanning
1556138836,scanning
1556138851,scanning
1556138956,scanning
1556139076,scanning
1556139106,scanning
1556139241,scanning
1556139271,scanning
1556139376,scanning
1556139391,scanning
1556139526,scanning
1556139571,scanning
1556139631,scanning
1556139646,scanning
1556139661,scanning
1556139691,scanning
1556139916,scanning
1556139991,scanning
1556140096,scanning
1556140201,scanning
1556140216,scanning
1556140246,scanning
1556140396,scanning
1556140426,scanning
1556140441,scanning
1556140456,scanning
1556140561,scanning
1556140591,scanning
1556140681,scanning
1556140711,scanning
1556140846,scanning
1556140936,scanning
1556140966,scanning
1556140981,scanning
1556141026,scanning
1556141251,scanning
1556141356,scanning
1556141431,scanning
1556141446,scanning
1556141566,scanning
1556141611,scanning
1556141731,scanning
1556141806,scanning
1556141956,scanning
1556142001,scanning
1556142256,scanning
1556142271,scanning
1556142331,scanning
1556142406,scanning
1556142511,scanning
1556142541,scanning
1556142586,scanning
1556142676,scanning
1556142706,scanning
1556142751,scanning
1556142811,scanning
1556142826,scanning
1556143006,scanning
1556143066,scanning
1556143096,scanning
1556143126,scanning
1556143336,scanning
1556143486,scanning
1556143531,scanning
1556143591,scanning
1556143606,scanning
1556143711,scanning
1556143741,scanning
1556143786,scanning
1556143831,scanning
1556143876,scanning
1556144266,scanning
1556144281,scanning
1556144296,scanning
1556144401,scanning
1556144431,scanning
1556144461,scanning
1556144491,scanning
1556144596,scanning
1556144626,scanning
1556144716,scanning
1556144731,scanning
1556144836,scanning
1556144851,scanning
1556144926,scanning
1556145091,scanning
1556145121,scanning
1556145316,scanning
1556145451,scanning
1556145586,scanning
1556145691,scanning
1556145706,scanning
1556145751,scanning
1556145766,scanning
1556145811,scanning
1556145976,scanning
1556146096,scanning
1556146126,scanning
1556146276,scanning
1556146396,scanning
1556146471,scanning
1556146501,scanning
1556146636,scanning
1556146666,scanning
1556146846,scanning
1556146921,scanning
1556147476,scanning
1556148151,scanning
1556148391,scanning
1556148616,scanning
1556148826,scanning
1556148871,scanning
1556148946,scanning
1556148961,scanning
1556148991,scanning
1556149066,scanning
1556149141,scanning
1556149156,scanning
1556149531,scanning
1556149576,scanning
1556149636,scanning
1556149696,scanning
1556149711,scanning
1556149786,scanning
1556149816,scanning
1556149846,scanning
1556149891,scanning
1556149921,scanning
1556149951,scanning
1556149981,scanning
1556150146,scanning
1556150191,scanning
1556150251,scanning
1556150266,scanning
1556150341,scanning
1556150371,scanning
1556150476,scanning
1556150506,scanning
1556150536,scanning
1556150566,scanning
1556150701,scanning
1556150866,scanning
1556150911,scanning
1556151031,scanning
1556151076,scanning
1556151151,scanning
1556151196,scanning
1556151331,scanning
1556151496,scanning
1556151646,scanning
1556151796,scanning
1556151931,scanning
1556151961,scanning
1556152021,scanning
1556152186,scanning
1556152381,scanning
1556152546,scanning
1556152591,scanning
1556152651,scanning
1556152696,scanning
1556152756,scanning
1556152786,scanning
1556152891,scanning
1556152966,scanning
1556152996,scanning
1556153116,scanning
1556153131,scanning
1556153176,scanning
1556153236,scanning
1556153296,scanning
1556153536,scanning
1556153611,scanning
1556153761,scanning
1556153791,scanning
1556153836,scanning
1556153911,scanning
1556154091,scanning
1556154196,scanning
1556154211,scanning
1556154331,scanning
1556154376,scanning
1556154451,scanning
1556154496,scanning
1556154766,scanning
1556154811,scanning
1556154916,scanning
1556154946,scanning
1556155006,scanning
1556155096,scanning
1556155186,scanning
1556155246,scanning
1556155261,scanning
1556155411,scanning
1556155441,scanning
1556155636,scanning
1556155756,scanning
1556155831,scanning
1556155921,scanning
1556156116,scanning
1556156131,scanning
1556156176,scanning
1556156326,scanning
1556156371,scanning
1556156446,scanning
1556156566,scanning
1556156671,scanning
1556156701,scanning
1556232531,injection
1556232546,injection
1556232561,injection
1556232576,injection
1556232591,injection
1556232606,injection
1556232621,injection
1556232636,injection
1556232651,injection
1556232666,injection
1556232681,injection
1556232696,injection
1556232711,injection
1556232726,injection
1556232741,injection
1556232756,injection
1556232771,injection
1556232786,injection
1556232801,injection
1556232816,injection
1556232831,injection
1556232846,injection
1556232861,injection
1556232876,injection
1556232891,injection
1556232906,injection
1556232921,injection
1556232936,injection
1556232951,injection
1556232966,injection
1556232981,injection
1556232996,injection
1556233011,injection
1556233026,injection
1556233041,injection
1556233056,injection
1556233071,injection
1556233086,injection
1556233101,injection
1556233116,injection
1556233131,injection
1556233146,injection
1556233161,injection
1556233176,injection
1556233191,injection
1556233206,injection
1556233221,injection
1556233236,injection
1556233251,injection
1556233266,injection
1556233281,injection
1556233296,injection
1556233311,injection
1556233326,injection
1556233341,injection
1556233356,injection
1556233371,injection
1556233386,injection
1556233401,injection
1556233416,injection
1556233431,injection
1556233446,injection
1556233461,injection
1556233476,injection
1556233491,injection
1556233506,injection
1556233521,injection
1556233536,injection
1556233551,injection
1556233566,injection
1556233581,injection
1556233596,injection
1556233611,injection
1556233626,injection
1556233641,injection
1556233671,injection
1556233701,injection
1556233716,injection
1556233731,injection
1556233746,injection
1556233761,injection
1556233791,injection
1556233806,injection
1556233821,injection
1556233836,injection
1556233851,injection
1556233866,injection
1556233881,injection
1556233896,injection
1556233911,injection
1556233926,injection
1556233941,injection
1556233956,injection
1556233971,injection
1556233986,injection
1556234001,injection
1556234016,injection
1556234031,injection
1556234046,injection
1556234076,injection
1556234091,injection
1556234121,injection
1556234136,injection
1556234151,injection
1556234166,injection
1556234181,injection
1556234196,injection
1556234211,injection
1556234226,injection
1556234241,injection
1556234256,injection
1556234271,injection
1556234286,injection
1556234301,injection
1556234316,injection
1556234331,injection
1556234346,injection
1556234361,injection
1556234376,injection
1556234391,injection
1556234406,injection
1556234421,injection
1556234436,injection
1556234451,injection
1556234466,injection
1556234481,injection
1556234496,injection
1556234511,injection
1556234526,injection
1556234541,injection
1556234556,injection
1556234571,injection
1556234586,injection
1556234601,injection
1556234616,injection
1556234631,injection
1556234646,injection
1556234661,injection
1556234691,injection
1556234706,injection
1556234721,injection
1556234736,injection
1556234751,injection
1556234766,injection
1556234781,injection
1556234796,injection
1556234811,injection
1556234826,injection
1556234841,injection
1556234856,injection
1556234871,injection
1556234886,injection
1556234901,injection
1556234916,injection
1556234931,injection
1556234946,injection
1556234961,injection
1556234976,injection
1556234991,injection
1556235006,injection
1556235021,injection
1556235036,injection
1556235051,injection
1556235066,injection
1556235081,injection
1556235096,injection
1556235111,injection
1556235126,injection
1556235141,injection
1556235156,injection
1556235171,injection
1556235186,injection
1556235201,injection
1556235216,injection
1556235231,injection
1556235246,injection
1556235276,injection
1556235291,injection
1556235306,injection
1556235321,injection
1556235336,injection
1556235351,injection
1556235366,injection
1556235381,injection
1556235396,injection
1556235411,injection
1556235426,injection
1556235441,injection
1556235456,injection
1556235471,injection
1556235486,injection
1556235501,injection
1556235516,injection
1556235531,injection
1556235546,injection
1556235561,injection
1556235576,injection
1556235591,injection
1556235606,injection
1556235621,injection
1556235636,injection
1556235651,injection
1556235666,injection
1556235681,injection
1556235696,injection
1556235711,injection
1556235726,injection
1556235741,injection
1556235756,injection
1556235771,injection
1556235786,injection
1556235801,injection
1556235816,injection
1556235831,injection
1556235846,injection
1556235861,injection
1556235876,injection
1556235891,injection
1556235906,injection
1556235921,injection
1556235936,injection
1556235951,injection
1556235966,injection
1556235981,injection
1556235996,injection
1556236011,injection
1556236026,injection
1556236041,injection
1556236056,injection
1556236071,injection
1556236086,injection
1556236101,injection
1556236116,injection
1556236131,injection
1556236146,injection
1556236176,injection
1556236191,injection
1556236206,injection
1556236221,injection
1556236236,injection
1556236251,injection
1556236266,injection
1556236281,injection
1556236296,injection
1556236311,injection
1556236326,injection
1556236341,injection
1556236356,injection
1556236371,injection
1556236386,injection
1556236401,injection
1556236416,injection
1556236431,injection
1556236446,injection
1556236476,injection
1556236491,injection
1556236506,injection
1556236521,injection
1556236536,injection
1556236551,injection
1556236566,injection
1556236581,injection
1556236596,injection
1556236611,injection
1556236626,injection
1556236641,injection
1556236656,injection
1556236671,injection
1556236686,injection
1556236701,injection
1556236731,injection
1556236746,injection
1556236761,injection
1556236776,injection
1556236791,injection
1556236806,injection
1556236821,injection
1556236836,injection
1556236866,injection
1556236881,injection
1556236896,injection
1556236911,injection
1556236926,injection
1556236941,injection
1556236956,injection
1556236971,injection
1556236986,injection
1556237001,injection
1556237016,injection
1556237031,injection
1556237046,injection
1556237061,injection
1556237076,injection
1556237091,injection
1556237106,injection
1556237121,injection
1556237136,injection
1556237151,injection
1556237166,injection
1556237181,injection
1556237196,injection
1556237211,injection
1556237226,injection
1556237241,injection
1556237256,injection
1556237271,injection
1556237286,injection
1556237301,injection
1556237316,injection
1556237331,injection
1556237346,injection
1556237361,injection
1556237391,injection
1556237406,injection
1556237421,injection
1556237436,injection
1556237451,injection
1556237466,injection
1556237496,injection
1556237511,injection
1556237526,injection
1556237541,injection
1556237556,injection
1556237571,injection
1556237586,injection
1556237601,injection
1556237616,injection
1556237631,injection
1556237646,injection
1556237661,injection
1556237676,injection
1556237691,injection
1556237706,injection
1556237721,injection
1556237736,injection
1556237751,injection
1556237766,injection
1556237781,injection
1556237796,injection
1556237811,injection
1556237826,injection
1556237841,injection
1556237856,injection
1556237871,injection
1556237886,injection
1556237901,injection
1556237916,injection
1556237931,injection
1556237946,injection
1556237961,injection
1556237976,injection
1556237991,injection
1556238006,injection
1556238021,injection
1556238051,injection
1556238066,injection
1556238081,injection
1556238096,injection
1556238111,injection
1556238126,injection
1556238141,injection
1556238156,injection
1556238171,injection
1556238186,injection
1556238201,injection
1556238216,injection
1556238231,injection
1556238246,injection
1556238261,injection
1556238276,injection
1556238291,injection
1556238306,injection
1556238321,injection
1556238336,injection
1556238351,injection
1556238366,injection
1556238381,injection
1556238396,injection
1556238411,injection
1556238426,injection
1556238441,injection
1556238456,injection
1556238471,injection
1556238486,injection
1556238501,injection
1556238516,injection
1556238531,injection
1556238546,injection
1556238561,injection
1556238576,injection
1556238591,injection
1556238606,injection
1556238621,injection
1556238636,injection
1556238651,injection
1556238666,injection
1556238681,injection
1556238696,injection
1556238711,injection
1556238726,injection
1556238741,injection
1556238756,injection
1556238771,injection
1556238786,injection
1556238801,injection
1556238816,injection
1556238831,injection
1556238846,injection
1556238861,injection
1556238876,injection
1556238891,injection
1556238906,injection
1556238921,injection
1556238936,injection
1556238951,injection
1556238966,injection
1556238981,injection
1556238996,injection
1556239011,injection
1556239026,injection
1556239041,injection
1556239056,injection
1556239071,injection
1556239086,injection
1556239101,injection
1556239116,injection
1556239131,injection
1556239146,injection
1556239161,injection
1556239176,injection
1556239191,injection
1556239206,injection
1556239221,injection
1556239236,injection
1556239251,injection
1556239266,injection
1556239281,injection
1556239296,injection
1556239311,injection
1556239326,injection
1556239341,injection
1556239356,injection
1556239371,injection
1556239386,injection
1556239401,injection
1556239416,injection
1556239431,injection
1556239446,injection
1556239476,injection
1556239506,injection
1556239521,injection
1556239536,injection
1556239551,injection
1556239566,injection
1556239581,injection
1556239596,injection
1556239611,injection
1556239626,injection
1556239641,injection
1556239656,injection
1556239671,injection
1556239686,injection
1556239701,injection
1556239716,injection
1556239731,injection
1556239746,injection
1556239761,injection
1556239776,injection
1556239791,injection
1556239806,injection
1556239821,injection
1556239836,injection
1556239851,injection
1556239881,injection
1556239896,injection
1556239911,injection
1556239926,injection
1556239941,injection
1556239956,injection
1556239971,injection
1556239986,injection
1556240001,injection
1556240016,injection
1556240031,injection
1556240046,injection
1556240061,injection
1556240076,injection
1556240091,injection
1556240106,injection
1556240121,injection
1556240136,injection
1556240151,injection
1556240166,injection
1556240181,injection
1556240196,injection
1556240211,injection
1556240226,injection
1556240241,injection
1556240256,injection
1556240271,injection
1556240286,injection
1556240301,injection
1556240316,injection
1556240331,injection
1556240346,injection
1556240361,injection
1556240376,injection
1556240391,injection
1556240406,injection
1556240421,injection
1556240436,injection
1556240451,injection
1556240466,injection
1556240481,injection
1556240496,injection
1556240511,injection
1556240526,injection
1556240541,injection
1556240556,injection
1556240571,injection
1556240586,injection
1556240601,injection
1556240616,injection
1556240631,injection
1556240646,injection
1556240661,injection
1556240676,injection
1556240691,injection
1556240706,injection
1556240721,injection
1556240736,injection
1556240751,injection
1556240766,injection
1556240781,injection
1556240796,injection
1556240811,injection
1556240826,injection
1556240841,injection
1556240856,injection
1556240871,injection
1556240886,injection
1556240901,injection
1556240916,injection
1556240961,injection
1556240991,injection
1556241006,injection
1556241021,injection
1556241036,injection
1556241051,injection
1556241066,injection
1556241096,injection
1556241111,injection
1556241126,injection
1556241141,injection
1556241156,injection
1556241171,injection
1556241186,injection
1556241201,injection
1556241231,injection
1556241246,injection
1556241261,injection
1556241276,injection
1556241291,injection
1556241306,injection
1556241321,injection
1556241336,injection
1556241351,injection
1556241366,injection
1556241381,injection
1556241396,injection
1556241411,injection
1556241426,injection
1556241441,injection
1556241456,injection
1556241471,injection
1556241486,injection
1556241501,injection
1556241516,injection
1556241531,injection
1556241546,injection
1556241561,injection
1556241576,injection
1556241591,injection
1556241606,injection
1556241621,injection
1556241636,injection
1556241651,injection
1556241666,injection
1556241681,injection
1556241696,injection
1556241711,injection
1556241726,injection
1556241741,injection
1556241756,injection
1556241771,injection
1556241786,injection
1556241801,injection
1556241816,injection
1556241831,injection
1556241846,injection
1556241861,injection
1556241876,injection
1556241891,injection
1556241906,injection
1556241921,injection
1556241936,injection
1556241951,injection
1556241966,injection
1556241981,injection
1556241996,injection
1556242011,injection
1556242026,injection
1556242041,injection
1556242056,injection
1556242071,injection
1556242086,injection
1556242101,injection
1556242116,injection
1556242131,injection
1556242146,injection
1556242161,injection
1556242191,injection
1556242206,injection
1556242221,injection
1556242236,injection
1556242251,injection
1556242266,injection
1556242281,injection
1556242311,injection
1556242326,injection
1556242341,injection
1556242356,injection
1556242371,injection
1556242386,injection
1556242401,injection
1556242416,injection
1556242431,injection
1556242446,injection
1556242461,injection
1556242491,injection
1556242506,injection
1556242521,injection
1556242536,injection
1556242551,injection
1556242566,injection
1556242581,injection
1556242596,injection
1556242611,injection
1556242626,injection
1556242641,injection
1556242656,injection
1556242671,injection
1556242686,injection
1556242701,injection
1556242716,injection
1556242731,injection
1556242746,injection
1556242761,injection
1556242776,injection
1556242791,injection
1556242806,injection
1556242821,injection
1556242836,injection
1556242851,injection
1556242866,injection
1556242881,injection
1556242896,injection
1556242911,injection
1556242926,injection
1556242941,injection
1556242956,injection
1556242971,injection
1556242986,injection
1556243001,injection
1556243016,injection
1556243031,injection
1556243046,injection
1556243061,injection
1556243076,injection
1556243091,injection
1556243106,injection
1556243121,injection
1556243136,injection
1556243151,injection
1556243166,injection
1556243181,injection
1556243196,injection
1556243211,injection
1556243226,injection
1556243241,injection
1556243256,injection
1556243271,injection
1556243286,injection
1556243301,injection
1556243316,injection
1556243331,injection
1556243346,injection
1556243361,injection
1556243376,injection
1556243391,injection
1556243421,injection
1556243436,injection
1556243451,injection
1556243466,injection
1556243481,injection
1556243496,injection
1556243511,injection
1556243526,injection
1556243541,injection
1556243556,injection
1556243571,injection
1556243586,injection
1556243601,injection
1556243616,injection
1556243631,injection
1556243646,injection
1556243661,injection
1556243676,injection
1556243691,injection
1556243706,injection
1556243721,injection
1556243736,injection
1556243751,injection
1556243766,injection
1556243781,injection
1556243796,injection
1556243811,injection
1556243826,injection
1556243841,injection
1556243856,injection
1556243871,injection
1556243886,injection
1556243901,injection
1556243916,injection
1556243946,injection
1556243961,injection
1556243976,injection
1556243991,injection
1556244006,injection
1556244021,injection
1556244036,injection
1556244051,injection
1556244066,injection
1556244081,injection
1556244096,injection
1556244111,injection
1556244126,injection
1556244141,injection
1556244156,injection
1556244171,injection
1556244186,injection
1556244201,injection
1556244216,injection
1556244231,injection
1556244246,injection
1556244261,injection
1556244276,injection
1556244291,injection
1556244306,injection
1556244321,injection
1556244336,injection
1556244351,injection
1556244366,injection
1556244381,injection
1556244396,injection
1556244411,injection
1556244426,injection
1556244441,injection
1556244456,injection
1556244471,injection
1556244486,injection
1556244501,injection
1556244516,injection
1556244531,injection
1556244546,injection
1556244561,injection
1556244576,injection
1556244591,injection
1556244606,injection
1556244621,injection
1556244636,injection
1556244651,injection
1556244666,injection
1556244681,injection
1556244696,injection
1556244711,injection
1556244726,injection
1556244756,injection
1556244771,injection
1556244786,injection
1556244801,injection
1556244816,injection
1556244831,injection
1556244846,injection
1556244861,injection
1556244876,injection
1556244891,injection
1556244906,injection
1556244921,injection
1556244936,injection
1556244951,injection
1556244966,injection
1556244981,injection
1556244996,injection
1556245011,injection
1556245026,injection
1556245041,injection
1556245056,injection
1556245071,injection
1556245086,injection
1556245101,injection
1556245116,injection
1556245131,injection
1556245146,injection
1556245161,injection
1556245176,injection
1556245191,injection
1556245206,injection
1556245221,injection
1556245236,injection
1556245251,injection
1556245266,injection
1556245281,injection
1556245296,injection
1556245311,injection
1556245326,injection
1556245341,injection
1556245356,injection
1556245371,injection
1556245386,injection
1556245401,injection
1556245416,injection
1556245431,injection
1556245446,injection
1556245461,injection
1556245476,injection
1556245491,injection
1556245506,injection
1556245521,injection
1556245536,injection
1556245551,injection
1556245581,injection
1556245596,injection
1556245611,injection
1556245626,injection
1556245641,injection
1556245656,injection
1556245671,injection
1556245686,injection
1556245701,injection
1556245716,injection
1556245731,injection
1556245746,injection
1556245761,injection
1556245776,injection
1556245791,injection
1556245806,injection
1556245821,injection
1556245836,injection
1556245851,injection
1556245866,injection
1556245896,injection
1556245911,injection
1556245926,injection
1556245971,injection
1556245986,injection
1556246001,injection
1556246016,injection
1556246031,injection
1556246046,injection
1556246061,injection
1556246076,injection
1556246106,injection
1556246121,injection
1556246136,injection
1556246151,injection
1556246166,injection
1556246181,injection
1556246196,injection
1556246211,injection
1556246226,injection
1556246241,injection
1556246256,injection
1556246286,injection
1556246301,injection
1556246316,injection
1556246331,injection
1556246346,injection
1556246376,injection
1556246391,injection
1556246406,injection
1556246421,injection
1556246436,injection
1556246451,injection
1556246466,injection
1556246481,injection
1556246511,injection
1556246526,injection
1556246541,injection
1556246556,injection
1556246571,injection
1556246586,injection
1556246601,injection
1556246616,injection
1556246631,injection
1556246646,injection
1556246661,injection
1556246676,injection
1556246691,injection
1556246706,injection
1556246721,injection
1556246736,injection
1556246751,injection
1556246766,injection
1556246781,injection
1556246796,injection
1556246826,injection
1556246841,injection
1556246856,injection
1556246871,injection
1556246886,injection
1556246901,injection
1556246916,injection
1556246931,injection
1556246946,injection
1556246961,injection
1556246976,injection
1556247006,injection
1556247021,injection
1556247036,injection
1556247051,injection
1556247066,injection
1556247081,injection
1556247096,injection
1556247111,injection
1556247126,injection
1556247141,injection
1556247156,injection
1556247171,injection
1556247186,injection
1556247201,injection
1556247216,injection
1556247231,injection
1556247246,injection
1556247261,injection
1556247276,injection
1556247291,injection
1556247306,injection
1556247321,injection
1556247336,injection
1556247351,injection
1556247366,injection
1556247381,injection
1556247396,injection
1556247411,injection
1556247426,injection
1556247441,injection
1556247456,injection
1556247471,injection
1556247486,injection
1556247501,injection
1556247516,injection
1556247531,injection
1556247546,injection
1556247561,injection
1556247576,injection
1556247591,injection
1556247606,injection
1556247621,injection
1556247636,injection
1556247666,injection
1556247681,injection
1556247696,injection
1556247711,injection
1556247726,injection
1556247741,injection
1556247756,injection
1556247771,injection
1556247786,injection
1556247801,injection
1556247816,injection
1556247831,injection
1556247846,injection
1556247861,injection
1556247876,injection
1556247891,injection
1556247936,injection
1556247966,injection
1556247981,injection
1556247996,injection
1556248026,injection
1556248041,injection
1556248056,injection
1556248071,injection
1556248086,injection
1556248101,injection
1556248116,injection
1556248146,injection
1556286563,ddos
1556286608,ddos
1556286623,ddos
1556286683,ddos
1556287343,ddos
1556287373,ddos
1556287388,ddos
1556288153,ddos
1556288693,ddos
1556288783,ddos
1556288858,ddos
1556289053,ddos
1556289068,ddos
1556289083,ddos
1556289113,ddos
1556289128,ddos
1556289143,ddos
1556289158,ddos
1556289173,ddos
1556289188,ddos
1556289203,ddos
1556289218,ddos
1556289233,ddos
1556289263,ddos
1556289338,ddos
1556289353,ddos
1556289383,ddos
1556289398,ddos
1556289428,ddos
1556289443,ddos
1556289473,ddos
1556289503,ddos
1556289518,ddos
1556289533,ddos
1556289563,ddos
1556289578,ddos
1556289593,ddos
1556289608,ddos
1556289623,ddos
1556289638,ddos
1556289653,ddos
1556289668,ddos
1556289683,ddos
1556289698,ddos
1556289713,ddos
1556289728,ddos
1556289758,ddos
1556289773,ddos
1556289788,ddos
1556289803,ddos
1556289818,ddos
1556289848,ddos
1556289863,ddos
1556289878,ddos
1556289893,ddos
1556289908,ddos
1556289923,ddos
1556289938,ddos
1556289953,ddos
1556289968,ddos
1556290043,ddos
1556290058,ddos
1556290073,ddos
1556290088,ddos
1556290103,ddos
1556290118,ddos
1556290133,ddos
1556290148,ddos
1556290163,ddos
1556290178,ddos
1556290193,ddos
1556290208,ddos
1556290223,ddos
1556290238,ddos
1556290253,ddos
1556290268,ddos
1556290283,ddos
1556290298,ddos
1556290313,ddos
1556290328,ddos
1556290343,ddos
1556290358,ddos
1556290373,ddos
1556290388,ddos
1556290403,ddos
1556290418,ddos
1556290433,ddos
1556290448,ddos
1556290463,ddos
1556290478,ddos
1556290493,ddos
1556290508,ddos
1556290523,ddos
1556290538,ddos
1556290553,ddos
1556290568,ddos
1556290598,ddos
1556290628,ddos
1556290643,ddos
1556290688,ddos
1556290703,ddos
1556290718,ddos
1556290733,ddos
1556290748,ddos
1556290763,ddos
1556290778,ddos
1556290793,ddos
1556290808,ddos
1556290823,ddos
1556290838,ddos
1556290853,ddos
1556290868,ddos
1556290883,ddos
1556290898,ddos
1556290913,ddos
1556290928,ddos
1556290958,ddos
1556290973,ddos
1556290988,ddos
1556291003,ddos
1556291018,ddos
1556291033,ddos
1556291048,ddos
1556291063,ddos
1556291078,ddos
1556291093,ddos
1556291138,ddos
1556291168,ddos
1556291183,ddos
1556291198,ddos
1556291213,ddos
1556291228,ddos
1556291243,ddos
1556291258,ddos
1556291273,ddos
1556291318,ddos
1556291408,ddos
1556291423,ddos
1556291438,ddos
1556291453,ddos
1556291468,ddos
1556291483,ddos
1556291498,ddos
1556291513,ddos
1556291528,ddos
1556291558,ddos
1556291573,ddos
1556291588,ddos
1556291603,ddos
1556291618,ddos
1556291633,ddos
1556291648,ddos
1556291663,ddos
1556291693,ddos
1556291708,ddos
1556291723,ddos
1556291738,ddos
1556291753,ddos
1556291768,ddos
1556291783,ddos
1556291798,ddos
1556291813,ddos
1556291828,ddos
1556291843,ddos
1556291858,ddos
1556291873,ddos
1556291888,ddos
1556291903,ddos
1556291918,ddos
1556291933,ddos
1556291948,ddos
1556291963,ddos
1556291978,ddos
1556291993,ddos
1556292008,ddos
1556292038,ddos
1556292053,ddos
1556292068,ddos
1556292083,ddos
1556292098,ddos
1556292113,ddos
1556292128,ddos
1556292143,ddos
1556292158,ddos
1556292173,ddos
1556292188,ddos
1556292203,ddos
1556292218,ddos
1556292233,ddos
1556292248,ddos
1556292263,ddos
1556292278,ddos
1556292293,ddos
1556292308,ddos
1556292323,ddos
1556292338,ddos
1556292353,ddos
1556292368,ddos
1556292383,ddos
1556292398,ddos
1556292413,ddos
1556292428,ddos
1556292443,ddos
1556292458,ddos
1556292473,ddos
1556292488,ddos
1556292503,ddos
1556292518,ddos
1556292533,ddos
1556292548,ddos
1556292563,ddos
1556292578,ddos
1556292593,ddos
1556292608,ddos
1556292623,ddos
1556292638,ddos
1556292653,ddos
1556292668,ddos
1556292698,ddos
1556292713,ddos
1556292728,ddos
1556292743,ddos
1556292758,ddos
1556292773,ddos
1556292788,ddos
1556292803,ddos
1556292818,ddos
1556292833,ddos
1556292848,ddos
1556292863,ddos
1556292878,ddos
1556292893,ddos
1556292908,ddos
1556292938,ddos
1556292953,ddos
1556292968,ddos
1556292983,ddos
1556293013,ddos
1556293028,ddos
1556293043,ddos
1556293058,ddos
1556293073,ddos
1556293088,ddos
1556293103,ddos
1556293118,ddos
1556293133,ddos
1556293148,ddos
1556293163,ddos
1556293178,ddos
1556293208,ddos
1556293223,ddos
1556293238,ddos
1556293268,ddos
1556293283,ddos
1556293298,ddos
1556293328,ddos
1556293358,ddos
1556293373,ddos
1556293388,ddos
1556293403,ddos
1556293418,ddos
1556293433,ddos
1556293448,ddos
1556293463,ddos
1556293478,ddos
1556293493,ddos
1556293508,ddos
1556293523,ddos
1556293538,ddos
1556293553,ddos
1556293568,ddos
1556293583,ddos
1556293598,ddos
1556293613,ddos
1556293628,ddos
1556293643,ddos
1556293658,ddos
1556293673,ddos
1556293688,ddos
1556293703,ddos
1556293718,ddos
1556293733,ddos
1556293748,ddos
1556293763,ddos
1556293793,ddos
1556293808,ddos
1556293823,ddos
1556293838,ddos
1556293853,ddos
1556293868,ddos
1556293898,ddos
1556293913,ddos
1556293928,ddos
1556293943,ddos
1556293958,ddos
1556293973,ddos
1556293988,ddos
1556294003,ddos
1556294018,ddos
1556294033,ddos
1556294048,ddos
1556294063,ddos
1556294078,ddos
1556294093,ddos
1556294108,ddos
1556294123,ddos
1556294138,ddos
1556294153,ddos
1556294168,ddos
1556294183,ddos
1556294198,ddos
1556294213,ddos
1556294228,ddos
1556294258,ddos
1556294273,ddos
1556294288,ddos
1556294303,ddos
1556294318,ddos
1556294333,ddos
1556294363,ddos
1556294378,ddos
1556294393,ddos
1556294408,ddos
1556294423,ddos
1556294438,ddos
1556294453,ddos
1556294468,ddos
1556294483,ddos
1556294498,ddos
1556294513,ddos
1556294528,ddos
1556294543,ddos
1556294558,ddos
1556294573,ddos
1556294603,ddos
1556294618,ddos
1556294633,ddos
1556294648,ddos
1556294663,ddos
1556294678,ddos
1556294693,ddos
1556294708,ddos
1556294738,ddos
1556294753,ddos
1556294768,ddos
1556294783,ddos
1556294798,ddos
1556294813,ddos
1556294828,ddos
1556294843,ddos
1556294858,ddos
1556294873,ddos
1556294888,ddos
1556294903,ddos
1556294918,ddos
1556294933,ddos
1556294948,ddos
1556294963,ddos
1556294978,ddos
1556294993,ddos
1556295008,ddos
1556295023,ddos
1556295038,ddos
1556295053,ddos
1556295083,ddos
1556295098,ddos
1556295113,ddos
1556295128,ddos
1556295158,ddos
1556295188,ddos
1556295203,ddos
1556295218,ddos
1556295233,ddos
1556295248,ddos
1556295263,ddos
1556295278,ddos
1556295293,ddos
1556295323,ddos
1556295338,ddos
1556295353,ddos
1556295383,ddos
1556295398,ddos
1556295413,ddos
1556295428,ddos
1556295443,ddos
1556295458,ddos
1556295473,ddos
1556295488,ddos
1556295503,ddos
1556295518,ddos
1556295533,ddos
1556295548,ddos
1556295563,ddos
1556295578,ddos
1556295593,ddos
1556295608,ddos
1556295638,ddos
1556295653,ddos
1556295668,ddos
1556295683,ddos
1556295698,ddos
1556295713,ddos
1556295728,ddos
1556295743,ddos
1556295758,ddos
1556295773,ddos
1556295788,ddos
1556295803,ddos
1556295818,ddos
1556295833,ddos
1556295848,ddos
1556295863,ddos
1556295878,ddos
1556295908,ddos
1556295923,ddos
1556295953,ddos
1556295998,ddos
1556296013,ddos
1556296028,ddos
1556296043,ddos
1556296058,ddos
1556296073,ddos
1556296088,ddos
1556296103,ddos
1556296118,ddos
1556296133,ddos
1556296148,ddos
1556296163,ddos
1556296178,ddos
1556296193,ddos
1556296208,ddos
1556296223,ddos
1556296238,ddos
1556296253,ddos
1556296283,ddos
1556296298,ddos
1556296328,ddos
1556296343,ddos
1556296358,ddos
1556296373,ddos
1556296388,ddos
1556296418,ddos
1556296433,ddos
1556296448,ddos
1556296463,ddos
1556296478,ddos
1556296493,ddos
1556296508,ddos
1556296553,ddos
1556296568,ddos
1556296583,ddos
1556296598,ddos
1556296613,ddos
1556296628,ddos
1556296643,ddos
1556296658,ddos
1556296673,ddos
1556296688,ddos
1556296703,ddos
1556296718,ddos
1556296733,ddos
1556296763,ddos
1556296778,ddos
1556296793,ddos
1556296808,ddos
1556296823,ddos
1556296838,ddos
1556296853,ddos
1556296868,ddos
1556296883,ddos
1556296898,ddos
1556296913,ddos
1556296958,ddos
1556296973,ddos
1556296988,ddos
1556297003,ddos
1556297018,ddos
1556297033,ddos
1556297048,ddos
1556297063,ddos
1556297078,ddos
1556297093,ddos
1556297108,ddos
1556297123,ddos
1556297138,ddos
1556297153,ddos
1556297168,ddos
1556297183,ddos
1556297198,ddos
1556297213,ddos
1556297228,ddos
1556297243,ddos
1556297258,ddos
1556297273,ddos
1556297288,ddos
1556297303,ddos
1556297318,ddos
1556297333,ddos
1556297348,ddos
1556297363,ddos
1556297378,ddos
1556297408,ddos
1556297438,ddos
1556297453,ddos
1556297468,ddos
1556297483,ddos
1556297498,ddos
1556297513,ddos
1556297528,ddos
1556297543,ddos
1556297558,ddos
1556297573,ddos
1556297588,ddos
1556297603,ddos
1556297618,ddos
1556297633,ddos
1556297648,ddos
1556297663,ddos
1556297678,ddos
1556297693,ddos
1556297708,ddos
1556297723,ddos
1556297738,ddos
1556297753,ddos
1556297768,ddos
1556297783,ddos
1556297798,ddos
1556297813,ddos
1556297828,ddos
1556297843,ddos
1556297858,ddos
1556297873,ddos
1556297888,ddos
1556297903,ddos
1556297918,ddos
1556297933,ddos
1556297948,ddos
1556297963,ddos
1556297978,ddos
1556297993,ddos
1556298008,ddos
1556298023,ddos
1556298038,ddos
1556298053,ddos
1556298068,ddos
1556298083,ddos
1556298098,ddos
1556298113,ddos
1556298128,ddos
1556298143,ddos
1556298173,ddos
1556298188,ddos
1556298203,ddos
1556298218,ddos
1556298233,ddos
1556298248,ddos
1556298278,ddos
1556298293,ddos
1556298308,ddos
1556298338,ddos
1556298353,ddos
1556298368,ddos
1556298398,ddos
1556298413,ddos
1556298428,ddos
1556298443,ddos
1556298458,ddos
1556298473,ddos
1556298488,ddos
1556298503,ddos
1556298533,ddos
1556298563,ddos
1556298578,ddos
1556298593,ddos
1556298608,ddos
1556298623,ddos
1556298653,ddos
1556298668,ddos
1556298683,ddos
1556298698,ddos
1556298713,ddos
1556298728,ddos
1556298758,ddos
1556298773,ddos
1556298788,ddos
1556298803,ddos
1556298818,ddos
1556298833,ddos
1556298848,ddos
1556298863,ddos
1556298878,ddos
1556298893,ddos
1556298908,ddos
1556298923,ddos
1556298938,ddos
1556298953,ddos
1556298968,ddos
1556298983,ddos
1556298998,ddos
1556299013,ddos
1556299028,ddos
1556299043,ddos
1556299058,ddos
1556299073,ddos
1556299088,ddos
1556299103,ddos
1556299118,ddos
1556299133,ddos
1556299148,ddos
1556299163,ddos
1556299178,ddos
1556299193,ddos
1556299208,ddos
1556299238,ddos
1556299253,ddos
1556299268,ddos
1556299283,ddos
1556299298,ddos
1556299313,ddos
1556299328,ddos
1556299343,ddos
1556299358,ddos
1556299373,ddos
1556299388,ddos
1556299403,ddos
1556299418,ddos
1556299433,ddos
1556299448,ddos
1556299463,ddos
1556299478,ddos
1556299493,ddos
1556299508,ddos
1556299523,ddos
1556299538,ddos
1556299553,ddos
1556299568,ddos
1556299583,ddos
1556299598,ddos
1556299613,ddos
1556299628,ddos
1556299643,ddos
1556299658,ddos
1556299673,ddos
1556299688,ddos
1556299703,ddos
1556299718,ddos
1556299733,ddos
1556299748,ddos
1556299763,ddos
1556299778,ddos
1556299793,ddos
1556299808,ddos
1556299823,ddos
1556299838,ddos
1556299853,ddos
1556299868,ddos
1556299884,ddos
1556299898,ddos
1556299928,ddos
1556299943,ddos
1556299958,ddos
1556299973,ddos
1556299988,ddos
1556300003,ddos
1556300018,ddos
1556300033,ddos
1556300048,ddos
1556300063,ddos
1556300078,ddos
1556300093,ddos
1556300108,ddos
1556300138,ddos
1556300153,ddos
1556300168,ddos
1556300183,ddos
1556300198,ddos
1556300213,ddos
1556300228,ddos
1556300243,ddos
1556300258,ddos
1556300273,ddos
1556300288,ddos
1556300303,ddos
1556300318,ddos
1556300348,ddos
1556300363,ddos
1556300378,ddos
1556300393,ddos
1556300408,ddos
1556300423,ddos
1556300438,ddos
1556300453,ddos
1556300468,ddos
1556300483,ddos
1556300498,ddos
1556300513,ddos
1556300528,ddos
1556300558,ddos
1556300573,ddos
1556300588,ddos
1556300603,ddos
1556300618,ddos
1556300633,ddos
1556300648,ddos
1556300663,ddos
1556300678,ddos
1556300693,ddos
1556300708,ddos
1556300723,ddos
1556300738,ddos
1556300753,ddos
1556300768,ddos
1556300783,ddos
1556300798,ddos
1556300813,ddos
1556300828,ddos
1556300843,ddos
1556300858,ddos
1556300873,ddos
1556300888,ddos
1556300903,ddos
1556300918,ddos
1556300933,ddos
1556300948,ddos
1556300963,ddos
1556300978,ddos
1556300993,ddos
1556301008,ddos
1556301023,ddos
1556301038,ddos
1556301068,ddos
1556301083,ddos
1556301098,ddos
1556301113,ddos
1556301128,ddos
1556301143,ddos
1556301158,ddos
1556301174,ddos
1556301188,ddos
1556301203,ddos
1556301218,ddos
1556301233,ddos
1556301248,ddos
1556301263,ddos
1556301278,ddos
1556301293,ddos
1556301308,ddos
1556301323,ddos
1556301338,ddos
1556301353,ddos
1556301368,ddos
1556301383,ddos
1556301398,ddos
1556301413,ddos
1556301428,ddos
1556301443,ddos
1556301458,ddos
1556301488,ddos
1556301503,ddos
1556301518,ddos
1556301533,ddos
1556301548,ddos
1556301563,ddos
1556301578,ddos
1556301593,ddos
1556301608,ddos
1556301623,ddos
1556301638,ddos
1556301653,ddos
1556301668,ddos
1556301713,ddos
1556301728,ddos
1556301743,ddos
1556301758,ddos
1556301773,ddos
1556301788,ddos
1556301803,ddos
1556301818,ddos
1556301833,ddos
1556301848,ddos
1556301863,ddos
1556301878,ddos
1556301893,ddos
1556301908,ddos
1556301938,ddos
1556301953,ddos
1556301968,ddos
1556301983,ddos
1556301998,ddos
1556302013,ddos
1556302028,ddos
1556302043,ddos
1556302058,ddos
1556302073,ddos
1556302088,ddos
1556302104,ddos
1556302118,ddos
1556302133,ddos
1556302148,ddos
1556302163,ddos
1556302178,ddos
1556302193,ddos
1556302208,ddos
1556302223,ddos
1556302238,ddos
1556302253,ddos
1556302268,ddos
1556302283,ddos
1556302298,ddos
1556302313,ddos
1556302328,ddos
1556302358,ddos
1556302373,ddos
1556302388,ddos
1556302418,ddos
1556302433,ddos
1556302448,ddos
1556302463,ddos
1556302478,ddos
1556302493,ddos
1556302508,ddos
1556302523,ddos
1556302538,ddos
1556302553,ddos
1556302568,ddos
1556302583,ddos
1556302598,ddos
1556302613,ddos
1556302628,ddos
1556302643,ddos
1556302658,ddos
1556302688,ddos
1556302703,ddos
1556302718,ddos
1556302733,ddos
1556302748,ddos
1556302778,ddos
1556302793,ddos
1556302808,ddos
1556302838,ddos
1556302853,ddos
1556302868,ddos
1556302883,ddos
1556302898,ddos
1556302913,ddos
1556302928,ddos
1556302943,ddos
1556302958,ddos
1556302988,ddos
1556303003,ddos
1556303018,ddos
1556303033,ddos
1556303048,ddos
1556303063,ddos
1556303078,ddos
1556303093,ddos
1556303108,ddos
1556303123,ddos
1556303138,ddos
1556303153,ddos
1556303168,ddos
1556303183,ddos
1556303198,ddos
1556303213,ddos
1556303228,ddos
1556303243,ddos
1556303258,ddos
1556303288,ddos
1556303303,ddos
1556303318,ddos
1556303333,ddos
1556303348,ddos
1556303363,ddos
1556303378,ddos
1556303393,ddos
1556303408,ddos
1556303423,ddos
1556303438,ddos
1556303453,ddos
1556303468,ddos
1556303483,ddos
1556303498,ddos
1556303528,ddos
1556303543,ddos
1556303558,ddos
1556303573,ddos
1556303588,ddos
1556303603,ddos
1556303618,ddos
1556303633,ddos
1556303648,ddos
1556303663,ddos
1556303678,ddos
1556303693,ddos
1556303708,ddos
1556303738,ddos
1556303753,ddos
1556303783,ddos
1556303798,ddos
1556303813,ddos
1556303828,ddos
1556303843,ddos
1556303858,ddos
1556303888,ddos
1556303903,ddos
1556303918,ddos
1556303933,ddos
1556303948,ddos
1556303963,ddos
1556303978,ddos
1556304008,ddos
1556304023,ddos
1556304038,ddos
1556304053,ddos
1556304083,ddos
1556304098,ddos
1556304113,ddos
1556304128,ddos
1556304158,ddos
1556304173,ddos
1556304188,ddos
1556304203,ddos
1556304218,ddos
1556304233,ddos
1556304248,ddos
1556304263,ddos
1556304279,ddos
1556304293,ddos
1556304308,ddos
1556304323,ddos
1556304338,ddos
1556304353,ddos
1556304383,ddos
1556304398,ddos
1556304413,ddos
1556304428,ddos
1556304443,ddos
1556304458,ddos
1556304473,ddos
1556304488,ddos
1556304503,ddos
1556304518,ddos
1556304533,ddos
1556304548,ddos
1556304563,ddos
1556304578,ddos
1556304593,ddos
1556304608,ddos
1556304623,ddos
1556304638,ddos
1556304653,ddos
1556304683,ddos
1556304698,ddos
1556304713,ddos
1556304728,ddos
1556304743,ddos
1556304758,ddos
1556304773,ddos
1556304788,ddos
1556304803,ddos
1556304818,ddos
1556304833,ddos
1556304848,ddos
1556304863,ddos
1556304878,ddos
1556304893,ddos
1556304908,ddos
1556304923,ddos
1556304938,ddos
1556304953,ddos
1556304968,ddos
1556304983,ddos
1556304998,ddos
1556305013,ddos
1556305028,ddos
1556305043,ddos
1556305058,ddos
1556305088,ddos
1556305103,ddos
1556305118,ddos
1556305133,ddos
1556305148,ddos
1556305163,ddos
1556305178,ddos
1556305193,ddos
1556305208,ddos
1556305223,ddos
1556305238,ddos
1556305253,ddos
1556305268,ddos
1556305284,ddos
1556305298,ddos
1556305313,ddos
1556305328,ddos
1556305343,ddos
1556305358,ddos
1556305373,ddos
1556305388,ddos
1556305403,ddos
1556305418,ddos
1556305433,ddos
1556305448,ddos
1556305463,ddos
1556305478,ddos
1556305493,ddos
1556305508,ddos
1556305538,ddos
1556305553,ddos
1556305568,ddos
1556305583,ddos
1556305598,ddos
1556305613,ddos
1556305628,ddos
1556305643,ddos
1556305658,ddos
1556305673,ddos
1556305688,ddos
1556305703,ddos
1556305718,ddos
1556305733,ddos
1556305748,ddos
1556305763,ddos
1556305778,ddos
1556305793,ddos
1556305808,ddos
1556305823,ddos
1556305838,ddos
1556305868,ddos
1556305883,ddos
1556305898,ddos
1556305913,ddos
1556305928,ddos
1556305958,ddos
1556305973,ddos
1556305988,ddos
1556306003,ddos
1556306018,ddos
1556306033,ddos
1556306048,ddos
1556306063,ddos
1556306078,ddos
1556306093,ddos
1556306108,ddos
1556306123,ddos
1556306138,ddos
1556306154,ddos
1556306168,ddos
1556306183,ddos
1556306198,ddos
1556306213,ddos
1556306228,ddos
1556306258,ddos
1556306273,ddos
1556306288,ddos
1556306303,ddos
1556306318,ddos
1556306333,ddos
1556306348,ddos
1556306363,ddos
1556306378,ddos
1556306393,ddos
1556306408,ddos
1556306438,ddos
1556306468,ddos
1556306483,ddos
1556306498,ddos
1556306513,ddos
1556306528,ddos
1556306543,ddos
1556306559,ddos
1556306573,ddos
1556306588,ddos
1556306603,ddos
1556306618,ddos
1556306633,ddos
1556306648,ddos
1556306663,ddos
1556306678,ddos
1556306693,ddos
1556306708,ddos
1556306723,ddos
1556306738,ddos
1556306753,ddos
1556306768,ddos
1556306783,ddos
1556306798,ddos
1556306813,ddos
1556306828,ddos
1556306843,ddos
1556306858,ddos
1556306873,ddos
1556306888,ddos
1556306903,ddos
1556306918,ddos
1556306933,ddos
1556306948,ddos
1556306963,ddos
1556306978,ddos
1556306993,ddos
1556307009,ddos
1556307023,ddos
1556307038,ddos
1556307053,ddos
1556307068,ddos
1556307083,ddos
1556307098,ddos
1556307128,ddos
1556307143,ddos
1556307158,ddos
1556307173,ddos
1556307188,ddos
1556307203,ddos
1556307218,ddos
1556307233,ddos
1556307263,ddos
1556307278,ddos
1556307293,ddos
1556307308,ddos
1556307338,ddos
1556307353,ddos
1556307368,ddos
1556307383,ddos
1556307398,ddos
1556307413,ddos
1556307428,ddos
1556307443,ddos
1556307458,ddos
1556307473,ddos
1556307488,ddos
1556307503,ddos
1556307518,ddos
1556307533,ddos
1556307548,ddos
1556307593,ddos
1556307608,ddos
1556307623,ddos
1556307638,ddos
1556307653,ddos
1556307668,ddos
1556307683,ddos
1556307698,ddos
1556307713,ddos
1556307728,ddos
1556307758,ddos
1556307773,ddos
1556307788,ddos
1556307803,ddos
1556307818,ddos
1556307833,ddos
1556307848,ddos
1556307863,ddos
1556307878,ddos
1556307893,ddos
1556307908,ddos
1556307923,ddos
1556307938,ddos
1556307953,ddos
1556307968,ddos
1556307983,ddos
1556307998,ddos
1556308013,ddos
1556308028,ddos
1556308043,ddos
1556308058,ddos
1556308073,ddos
1556308088,ddos
1556308103,ddos
1556308118,ddos
1556308133,ddos
1556308148,ddos
1556308163,ddos
1556308178,ddos
1556308193,ddos
1556308208,ddos
1556308223,ddos
1556308238,ddos
1556308253,ddos
1556308268,ddos
1556308298,ddos
1556308313,ddos
1556308328,ddos
1556308343,ddos
1556308358,ddos
1556308388,ddos
1556308403,ddos
1556308418,ddos
1556308433,ddos
1556308448,ddos
1556308463,ddos
1556308478,ddos
1556308493,ddos
1556308508,ddos
1556308523,ddos
1556308538,ddos
1556308553,ddos
1556308568,ddos
1556308583,ddos
1556308598,ddos
1556308613,ddos
1556308628,ddos
1556308643,ddos
1556308658,ddos
1556308673,ddos
1556308688,ddos
1556308703,ddos
1556308718,ddos
1556308733,ddos
1556308748,ddos
1556308763,ddos
1556308778,ddos
1556308793,ddos
1556308808,ddos
1556308823,ddos
1556308838,ddos
1556308853,ddos
1556308868,ddos
1556308883,ddos
1556308898,ddos
1556308914,ddos
1556308928,ddos
1556308943,ddos
1556308958,ddos
1556308973,ddos
1556308989,ddos
1556309003,ddos
1556309018,ddos
1556309034,ddos
1556309048,ddos
1556309063,ddos
1556309078,ddos
1556309093,ddos
1556309108,ddos
1556309138,ddos
1556309153,ddos
1556309168,ddos
1556309183,ddos
1556309198,ddos
1556309213,ddos
1556309228,ddos
1556309243,ddos
1556309258,ddos
1556309273,ddos
1556309288,ddos
1556309303,ddos
1556309319,ddos
1556309333,ddos
1556309363,ddos
1556309378,ddos
1556309393,ddos
1556309408,ddos
1556309424,ddos
1556309438,ddos
1556309453,ddos
1556309468,ddos
1556309483,ddos
1556309498,ddos
1556309513,ddos
1556309528,ddos
1556309558,ddos
1556309573,ddos
1556309589,ddos
1556309603,ddos
1556309618,ddos
1556309633,ddos
1556309648,ddos
1556309663,ddos
1556309678,ddos
1556309693,ddos
1556309708,ddos
1556309723,ddos
1556309738,ddos
1556309753,ddos
1556309768,ddos
1556309783,ddos
1556309799,ddos
1556309813,ddos
1556309828,ddos
1556309843,ddos
1556309858,ddos
1556309873,ddos
1556309888,ddos
1556309903,ddos
1556309918,ddos
1556309933,ddos
1556309948,ddos
1556309963,ddos
1556309978,ddos
1556309993,ddos
1556310008,ddos
1556310038,ddos
1556310053,ddos
1556310068,ddos
1556310083,ddos
1556310098,ddos
1556310113,ddos
1556310128,ddos
1556310143,ddos
1556310158,ddos
1556310173,ddos
1556310188,ddos
1556310203,ddos
1556310218,ddos
1556310233,ddos
1556310248,ddos
1556310263,ddos
1556310278,ddos
1556310293,ddos
1556310308,ddos
1556310323,ddos
1556310338,ddos
1556310353,ddos
1556310368,ddos
1556310383,ddos
1556310398,ddos
1556310413,ddos
1556310428,ddos
1556310443,ddos
1556310458,ddos
1556310473,ddos
1556310488,ddos
1556310503,ddos
1556310518,ddos
1556310533,ddos
1556310548,ddos
1556310563,ddos
1556310578,ddos
1556310593,ddos
1556310608,ddos
1556310623,ddos
1556310638,ddos
1556310653,ddos
1556310668,ddos
1556310683,ddos
1556310698,ddos
1556310728,ddos
1556310743,ddos
1556310758,ddos
1556310773,ddos
1556310788,ddos
1556310803,ddos
1556310818,ddos
1556310833,ddos
1556310848,ddos
1556310863,ddos
1556310878,ddos
1556310893,ddos
1556310908,ddos
1556310924,ddos
1556310938,ddos
1556310953,ddos
1556310968,ddos
1556310983,ddos
1556310998,ddos
1556311013,ddos
1556311028,ddos
1556311043,ddos
1556311058,ddos
1556311073,ddos
1556311103,ddos
1556311133,ddos
1556311148,ddos
1556311163,ddos
1556311178,ddos
1556311193,ddos
1556311208,ddos
1556311223,ddos
1556311238,ddos
1556311253,ddos
1556311268,ddos
1556311283,ddos
1556311298,ddos
1556311313,ddos
1556311358,ddos
1556311373,ddos
1556311388,ddos
1556311403,ddos
1556311418,ddos
1556311433,ddos
1556311448,ddos
1556311463,ddos
1556311478,ddos
1556311493,ddos
1556311508,ddos
1556311523,ddos
1556311538,ddos
1556311553,ddos
1556311568,ddos
1556311583,ddos
1556311598,ddos
1556311613,ddos
1556311628,ddos
1556311643,ddos
1556311658,ddos
1556311673,ddos
1556311688,ddos
1556311703,ddos
1556311718,ddos
1556311733,ddos
1556311748,ddos
1556311763,ddos
1556311778,ddos
1556311793,ddos
1556311808,ddos
1556311823,ddos
1556311838,ddos
1556311853,ddos
1556311868,ddos
1556311883,ddos
1556311898,ddos
1556311914,ddos
1556311928,ddos
1556311943,ddos
1556311958,ddos
1556311973,ddos
1556311988,ddos
1556312003,ddos
1556312018,ddos
1556312033,ddos
1556312048,ddos
1556312063,ddos
1556312078,ddos
1556312093,ddos
1556312108,ddos
1556312123,ddos
1556312138,ddos
1556312154,ddos
1556312183,ddos
1556312198,ddos
1556312213,ddos
1556312228,ddos
1556312243,ddos
1556312258,ddos
1556312274,ddos
1556312303,ddos
1556312318,ddos
1556312333,ddos
1556312348,ddos
1556312363,ddos
1556312378,ddos
1556312393,ddos
1556312408,ddos
1556312423,ddos
1556312438,ddos
1556312453,ddos
1556312468,ddos
1556312483,ddos
1556312498,ddos
1556312513,ddos
1556312528,ddos
1556312544,ddos
1556312558,ddos
1556312573,ddos
1556312588,ddos
1556312618,ddos
1556312633,ddos
1556312648,ddos
1556312663,ddos
1556312678,ddos
1556312693,ddos
1556312708,ddos
1556312738,ddos
1556312753,ddos
1556312768,ddos
1556312783,ddos
1556312799,ddos
1556312813,ddos
1556312828,ddos
1556312843,ddos
1556312858,ddos
1556312873,ddos
1556312888,ddos
1556312903,ddos
1556312918,ddos
1556312933,ddos
1556312948,ddos
1556312963,ddos
1556312978,ddos
1556312993,ddos
1556313008,ddos
1556313023,ddos
1556313038,ddos
1556313053,ddos
1556313068,ddos
1556313083,ddos
1556313098,ddos
1556313113,ddos
1556313128,ddos
1556313158,ddos
1556313173,ddos
1556313203,ddos
1556313218,ddos
1556313233,ddos
1556313248,ddos
1556313264,ddos
1556313278,ddos
1556313293,ddos
1556313308,ddos
1556313323,ddos
1556313338,ddos
1556313353,ddos
1556313368,ddos
1556313383,ddos
1556313398,ddos
1556313413,ddos
1556313428,ddos
1556313443,ddos
1556313458,ddos
1556313473,ddos
1556313503,ddos
1556313518,ddos
1556313533,ddos
1556313548,ddos
1556313563,ddos
1556313578,ddos
1556313593,ddos
1556313608,ddos
1556313638,ddos
1556313653,ddos
1556313668,ddos
1556313683,ddos
1556313698,ddos
1556313713,ddos
1556313728,ddos
1556313743,ddos
1556313758,ddos
1556313773,ddos
1556313788,ddos
1556313803,ddos
1556313818,ddos
1556313833,ddos
1556313848,ddos
1556313864,ddos
1556313878,ddos
1556313893,ddos
1556313908,ddos
1556313923,ddos
1556313938,ddos
1556313953,ddos
1556313968,ddos
1556313983,ddos
1556313998,ddos
1556314013,ddos
1556314028,ddos
1556314043,ddos
1556314058,ddos
1556314073,ddos
1556314088,ddos
1556314103,ddos
1556314118,ddos
1556314133,ddos
1556314148,ddos
1556314163,ddos
1556314178,ddos
1556314193,ddos
1556314208,ddos
1556314223,ddos
1556314238,ddos
1556314253,ddos
1556314268,ddos
1556314283,ddos
1556314298,ddos
1556314328,ddos
1556314343,ddos
1556314358,ddos
1556314373,ddos
1556314388,ddos
1556314403,ddos
1556314418,ddos
1556314433,ddos
1556314448,ddos
1556314463,ddos
1556314478,ddos
1556314493,ddos
1556314508,ddos
1556314538,ddos
1556314553,ddos
1556314568,ddos
1556314583,ddos
1556314598,ddos
1556314628,ddos
1556314643,ddos
1556314658,ddos
1556314674,ddos
1556314703,ddos
1556314718,ddos
1556314733,ddos
1556314748,ddos
1556314763,ddos
1556314778,ddos
1556314793,ddos
1556314823,ddos
1556314838,ddos
1556314853,ddos
1556314868,ddos
1556314883,ddos
1556314898,ddos
1556314929,ddos
1556314958,ddos
1556314973,ddos
1556314988,ddos
1556315003,ddos
1556315018,ddos
1556315033,ddos
1556315048,ddos
1556315063,ddos
1556315078,ddos
1556315093,ddos
1556315108,ddos
1556315123,ddos
1556315138,ddos
1556315153,ddos
1556315168,ddos
1556315183,ddos
1556315198,ddos
1556315213,ddos
1556315228,ddos
1556315243,ddos
1556315258,ddos
1556315273,ddos
1556315289,ddos
1556315303,ddos
1556315318,ddos
1556315333,ddos
1556315348,ddos
1556315363,ddos
1556315378,ddos
1556315393,ddos
1556315408,ddos
1556315423,ddos
1556315438,ddos
1556315453,ddos
1556315468,ddos
1556315483,ddos
1556315498,ddos
1556315513,ddos
1556315528,ddos
1556315543,ddos
1556315558,ddos
1556315573,ddos
1556315588,ddos
1556315603,ddos
1556315618,ddos
1556315633,ddos
1556315648,ddos
1556315663,ddos
1556315678,ddos
1556315693,ddos
1556315708,ddos
1556315723,ddos
1556315738,ddos
1556315753,ddos
1556315768,ddos
1556315783,ddos
1556315798,ddos
1556315813,ddos
1556315828,ddos
1556315843,ddos
1556315858,ddos
1556315873,ddos
1556315903,ddos
1556315918,ddos
1556315933,ddos
1556315948,ddos
1556315963,ddos
1556315978,ddos
1556315993,ddos
1556316008,ddos
1556316023,ddos
1556316038,ddos
1556316053,ddos
1556316068,ddos
1556316083,ddos
1556316098,ddos
1556316113,ddos
1556316128,ddos
1556316143,ddos
1556316158,ddos
1556316173,ddos
1556316188,ddos
1556316203,ddos
1556316218,ddos
1556316233,ddos
1556316248,ddos
1556316263,ddos
1556316279,ddos
1556316293,ddos
1556316308,ddos
1556316338,ddos
1556316353,ddos
1556316368,ddos
1556316383,ddos
1556316398,ddos
1556316413,ddos
1556316428,ddos
1556316443,ddos
1556316458,ddos
1556316473,ddos
1556316488,ddos
1556316503,ddos
1556316518,ddos
1556316533,ddos
1556316548,ddos
1556316563,ddos
1556316578,ddos
1556316593,ddos
1556316608,ddos
1556316623,ddos
1556316638,ddos
1556316653,ddos
1556316668,ddos
1556316683,ddos
1556316698,ddos
1556316714,ddos
1556316728,ddos
1556316758,ddos
1556316773,ddos
1556316788,ddos
1556316803,ddos
1556316818,ddos
1556316833,ddos
1556316864,ddos
1556316878,ddos
1556316893,ddos
1556316908,ddos
1556316923,ddos
1556316938,ddos
1556316953,ddos
1556316968,ddos
1556316998,ddos
1556317013,ddos
1556317028,ddos
1556317043,ddos
1556317058,ddos
1556317073,ddos
1556317088,ddos
1556317103,ddos
1556317118,ddos
1556317133,ddos
1556317148,ddos
1556317163,ddos
1556317178,ddos
1556317193,ddos
1556317208,ddos
1556317238,ddos
1556317253,ddos
1556317268,ddos
1556317283,ddos
1556317298,ddos
1556317313,ddos
1556317329,ddos
1556317343,ddos
1556317358,ddos
1556317373,ddos
1556317388,ddos
1556317403,ddos
1556317418,ddos
1556317433,ddos
1556317448,ddos
1556317463,ddos
1556317478,ddos
1556317493,ddos
1556317508,ddos
1556317523,ddos
1556317538,ddos
1556317553,ddos
1556317568,ddos
1556317583,ddos
1556317598,ddos
1556317613,ddos
1556317628,ddos
1556317643,ddos
1556317658,ddos
1556317673,ddos
1556317688,ddos
1556317703,ddos
1556317718,ddos
1556317733,ddos
1556317748,ddos
1556317763,ddos
1556317778,ddos
1556317793,ddos
1556317808,ddos
1556317824,ddos
1556317838,ddos
1556317853,ddos
1556317868,ddos
1556317883,ddos
1556317898,ddos
1556317928,ddos
1556317943,ddos
1556317958,ddos
1556317973,ddos
1556317988,ddos
1556318003,ddos
1556318018,ddos
1556318048,ddos
1556318063,ddos
1556318078,ddos
1556318093,ddos
1556318108,ddos
1556318138,ddos
1556318153,ddos
1556318168,ddos
1556318183,ddos
1556318198,ddos
1556318213,ddos
1556318228,ddos
1556318243,ddos
1556318258,ddos
1556318273,ddos
1556318288,ddos
1556318303,ddos
1556318318,ddos
1556318333,ddos
1556318363,ddos
1556318378,ddos
1556318393,ddos
1556318408,ddos
1556318423,ddos
1556318438,ddos
1556318453,ddos
1556318468,ddos
1556318483,ddos
1556318498,ddos
1556318513,ddos
1556318528,ddos
1556318558,ddos
1556318573,ddos
1556318588,ddos
1556318618,ddos
1556318633,ddos
1556318648,ddos
1556318663,ddos
1556318678,ddos
1556318693,ddos
1556318708,ddos
1556318723,ddos
1556318739,ddos
1556318753,ddos
1556318768,ddos
1556318784,ddos
1556318798,ddos
1556318813,ddos
1556318828,ddos
1556318843,ddos
1556318858,ddos
1556318873,ddos
1556318888,ddos
1556318903,ddos
1556318918,ddos
1556318933,ddos
1556318948,ddos
1556318963,ddos
1556318978,ddos
1556318993,ddos
1556319008,ddos
1556319023,ddos
1556319038,ddos
1556319053,ddos
1556319068,ddos
1556319083,ddos
1556319098,ddos
1556319113,ddos
1556319128,ddos
1556319143,ddos
1556319158,ddos
1556319173,ddos
1556319188,ddos
1556319203,ddos
1556319218,ddos
1556319233,ddos
1556319248,ddos
1556319263,ddos
1556319278,ddos
1556319293,ddos
1556319308,ddos
1556319323,ddos
1556319338,ddos
1556319353,ddos
1556319368,ddos
1556319383,ddos
1556319398,ddos
1556319413,ddos
1556319428,ddos
1556319443,ddos
1556319458,ddos
1556319473,ddos
1556319488,ddos
1556319503,ddos
1556319518,ddos
1556319533,ddos
1556319548,ddos
1556319563,ddos
1556319578,ddos
1556319593,ddos
1556319608,ddos
1556319623,ddos
1556319638,ddos
1556319653,ddos
1556319668,ddos
1556319683,ddos
1556319698,ddos
1556319713,ddos
1556319728,ddos
1556319758,ddos
1556319773,ddos
1556319788,ddos
1556319803,ddos
1556319818,ddos
1556319833,ddos
1556319848,ddos
1556319863,ddos
1556319878,ddos
1556319893,ddos
1556319908,ddos
1556319938,ddos
1556319953,ddos
1556319968,ddos
1556319983,ddos
1556319998,ddos
1556320013,ddos
1556320028,ddos
1556320043,ddos
1556320058,ddos
1556320073,ddos
1556320088,ddos
1556320103,ddos
1556320118,ddos
1556320133,ddos
1556320148,ddos
1556320163,ddos
1556320178,ddos
1556320193,ddos
1556320208,ddos
1556320223,ddos
1556320238,ddos
1556320253,ddos
1556320268,ddos
1556320283,ddos
1556320298,ddos
1556320313,ddos
1556320328,ddos
1556320358,ddos
1556320373,ddos
1556320388,ddos
1556320403,ddos
1556320418,ddos
1556320433,ddos
1556320448,ddos
1556320463,ddos
1556320478,ddos
1556320493,ddos
1556320508,ddos
1556320523,ddos
1556320538,ddos
1556320554,ddos
1556320568,ddos
1556320583,ddos
1556320598,ddos
1556320613,ddos
1556320629,ddos
1556320643,ddos
1556320658,ddos
1556320673,ddos
1556320688,ddos
1556320703,ddos
1556320718,ddos
1556320733,ddos
1556320748,ddos
1556320763,ddos
1556320778,ddos
1556320793,ddos
1556320808,ddos
1556320838,ddos
1556320853,ddos
1556320868,ddos
1556320883,ddos
1556320898,ddos
1556320913,ddos
1556320928,ddos
1556320943,ddos
1556320958,ddos
1556320973,ddos
1556320988,ddos
1556321003,ddos
1556321018,ddos
1556321033,ddos
1556321048,ddos
1556321063,ddos
1556321078,ddos
1556321093,ddos
1556321108,ddos
1556321123,ddos
1556321138,ddos
1556321153,ddos
1556321168,ddos
1556321183,ddos
1556321198,ddos
1556321213,ddos
1556321229,ddos
1556321258,ddos
1556321273,ddos
1556321289,ddos
1556321303,ddos
1556321318,ddos
1556321333,ddos
1556321363,ddos
1556321378,ddos
1556321393,ddos
1556321408,ddos
1556321423,ddos
1556321438,ddos
1556321453,ddos
1556321468,ddos
1556321483,ddos
1556321498,ddos
1556321543,ddos
1556321573,ddos
1556321603,ddos
1556321619,ddos
1556321649,ddos
1556321663,ddos
1556321693,ddos
1556321753,ddos
1556321783,ddos
1556321813,ddos
1556321873,ddos
1556321903,ddos
1556321933,ddos
1556321963,ddos
1556321993,ddos
1556322023,ddos
1556322039,ddos
1556322113,ddos
1556322173,ddos
1556322189,ddos
1556322203,ddos
1556322233,ddos
1556322263,ddos
1556322293,ddos
1556322323,ddos
1556322353,ddos
1556322413,ddos
1556322443,ddos
1556322473,ddos
1556322503,ddos
1556322533,ddos
1556322563,ddos
1556322593,ddos
1556322623,ddos
1556322638,ddos
1556322653,ddos
1556322713,ddos
1556322743,ddos
1556322833,ddos
1556322863,ddos
1556322893,ddos
1556322953,ddos
1556323013,ddos
1556323073,ddos
1556323103,ddos
1556323133,ddos
1556323193,ddos
1556323208,ddos
1556323253,ddos
1556323313,ddos
1556323373,ddos
1556323433,ddos
1556323493,ddos
1556323553,ddos
1556323613,ddos
1556323673,ddos
1556323733,ddos
1556323793,ddos
1556323853,ddos
1556323973,ddos
1556324033,ddos
1556324093,ddos
1556324108,ddos
1556324138,ddos
1556324153,ddos
1556324168,ddos
1556324198,ddos
1556324213,ddos
1556324228,ddos
1556324258,ddos
1556324273,ddos
1556324288,ddos
1556324318,ddos
1556324333,ddos
1556324348,ddos
1556324378,ddos
1556324393,ddos
1556324438,ddos
1556324453,ddos
1556324468,ddos
1556324498,ddos
1556324513,ddos
1556324528,ddos
1556324558,ddos
1556324573,ddos
1556324588,ddos
1556324618,ddos
1556324633,ddos
1556324648,ddos
1556324678,ddos
1556324693,ddos
1556324738,ddos
1556324753,ddos
1556324798,ddos
1556324813,ddos
1556324828,ddos
1556324858,ddos
1556324873,ddos
1556324888,ddos
1556324918,ddos
1556324933,ddos
1556324948,ddos
1556324978,ddos
1556324993,ddos
1556325008,ddos
1556325038,ddos
1556325053,ddos
1556325068,ddos
1556325098,ddos
1556325128,ddos
1556325158,ddos
1556325173,ddos
1556325188,ddos
1556325218,ddos
1556325248,ddos
1556325278,ddos
1556325293,ddos
1556325308,ddos
1556348178,password
1556348358,password
1556348703,password
1556348988,password
1556349063,password
1556349198,password
1556349393,password
1556349678,password
1556349873,password
1556350128,password
1556350353,password
1556350383,password
1556350743,password
1556350848,password
1556350953,password
1556351283,password
1556351313,password
1556351388,password
1556351403,password
1556351523,password
1556351553,password
1556351673,password
1556352093,password
1556352258,password
1556352303,password
1556352603,password
1556352663,password
1556352753,password
1556352843,password
1556352948,password
1556353128,password
1556353203,password
1556353218,password
1556353473,password
1556353653,password
1556353683,password
1556353713,password
1556353998,password
1556354238,password
1556354853,password
1556354883,password
1556354913,password
1556354943,password
1556354973,password
1556355003,password
1556355063,password
1556355123,password
1556355243,password
1556355288,password
1556355303,password
1556355318,password
1556355348,password
1556355363,password
1556355378,password
1556355408,password
1556355423,password
1556355438,password
1556355468,password
1556355483,password
1556355498,password
1556355528,password
1556355588,password
1556355618,password
1556355633,password
1556355648,password
1556355708,password
1556355723,password
1556355753,password
1556355768,password
1556355783,password
1556355813,password
1556355828,password
1556355843,password
1556355873,password
1556355888,password
1556355903,password
1556355933,password
1556355963,password
1556355993,password
1556356008,password
1556356023,password
1556356053,password
1556356068,password
1556356083,password
1556356098,password
1556356113,password
1556356143,password
1556356158,password
1556356173,password
1556356188,password
1556356203,password
1556356233,password
1556356248,password
1556356263,password
1556356293,password
1556356308,password
1556356323,password
1556356338,password
1556356353,password
1556356368,password
1556356383,password
1556356398,password
1556356413,password
1556356428,password
1556356443,password
1556356458,password
1556356473,password
1556356503,password
1556356533,password
1556356548,password
1556356563,password
1556356578,password
1556356593,password
1556356608,password
1556356623,password
1556356653,password
1556356668,password
1556356683,password
1556356713,password
1556356728,password
1556356743,password
1556356773,password
1556356788,password
1556356803,password
1556356833,password
1556356848,password
1556356863,password
1556356878,password
1556356908,password
1556356923,password
1556356938,password
1556356953,password
1556356968,password
1556356983,password
1556356998,password
1556357013,password
1556357028,password
1556357043,password
1556357058,password
1556357073,password
1556357088,password
1556357103,password
1556357118,password
1556357133,password
1556357148,password
1556357163,password
1556357193,password
1556357208,password
1556357223,password
1556357238,password
1556357253,password
1556357268,password
1556357283,password
1556357298,password
1556357313,password
1556357328,password
1556357343,password
1556357373,password
1556357388,password
1556357403,password
1556357433,password
1556357448,password
1556357463,password
1556357493,password
1556357508,password
1556357523,password
1556357538,password
1556357553,password
1556357568,password
1556357583,password
1556357613,password
1556357628,password
1556357658,password
1556357673,password
1556357688,password
1556357703,password
1556357748,password
1556357763,password
1556357778,password
1556357793,password
1556357808,password
1556357823,password
1556357853,password
1556357868,password
1556357883,password
1556357913,password
1556357928,password
1556357943,password
1556357958,password
1556357973,password
1556357988,password
1556358003,password
1556358018,password
1556358033,password
1556358063,password
1556358078,password
1556358093,password
1556358108,password
1556358123,password
1556358153,password
1556358183,password
1556358213,password
1556358243,password
1556358258,password
1556358273,password
1556358288,password
1556358303,password
1556358318,password
1556358333,password
1556358348,password
1556358363,password
1556358378,password
1556358393,password
1556358423,password
1556358453,password
1556358483,password
1556358513,password
1556358573,password
1556358603,password
1556358633,password
1556358663,password
1556358693,password
1556358723,password
1556358753,password
1556358783,password
1556358828,password
1556358858,password
1556358888,password
1556358948,password
1556359008,password
1556359038,password
1556359128,password
1556359188,password
1556359248,password
1556359293,password
1556359308,password
1556359338,password
1556359368,password
1556359428,password
1556359458,password
1556359518,password
1556359533,password
1556359548,password
1556359608,password
1556359623,password
1556359638,password
1556359653,password
1556359668,password
1556359683,password
1556359698,password
1556359713,password
1556359728,password
1556359743,password
1556359773,password
1556359788,password
1556359803,password
1556359833,password
1556359848,password
1556359863,password
1556359893,password
1556359908,password
1556359923,password
1556359953,password
1556359968,password
1556359983,password
1556360013,password
1556360028,password
1556360043,password
1556360058,password
1556360073,password
1556360088,password
1556360103,password
1556360118,password
1556360133,password
1556360148,password
1556360178,password
1556360193,password
1556360208,password
1556360223,password
1556360238,password
1556360253,password
1556360268,password
1556360283,password
1556360313,password
1556360328,password
1556360373,password
1556360388,password
1556360403,password
1556360433,password
1556360448,password
1556360463,password
1556360478,password
1556360493,password
1556360508,password
1556360523,password
1556360553,password
1556360568,password
1556360583,password
1556360598,password
1556360613,password
1556360628,password
1556360643,password
1556360658,password
1556360673,password
1556360688,password
1556360703,password
1556360748,password
1556360763,password
1556360793,password
1556360808,password
1556360823,password
1556360853,password
1556360868,password
1556360883,password
1556360898,password
1556360913,password
1556360928,password
1556360943,password
1556360958,password
1556360973,password
1556360988,password
1556361003,password
1556361018,password
1556361033,password
1556361048,password
1556361063,password
1556361078,password
1556361093,password
1556361108,password
1556361153,password
1556361168,password
1556361183,password
1556361198,password
1556361213,password
1556361228,password
1556361258,password
1556361273,password
1556361288,password
1556361303,password
1556361333,password
1556361348,password
1556361363,password
1556361378,password
1556361408,password
1556361423,password
1556361438,password
1556361453,password
1556361468,password
1556361483,password
1556361513,password
1556361543,password
1556361573,password
1556361588,password
1556361603,password
1556361633,password
1556361648,password
1556361663,password
1556361693,password
1556361708,password
1556361723,password
1556361753,password
1556361768,password
1556361783,password
1556361798,password
1556361813,password
1556361828,password
1556361843,password
1556361858,password
1556361873,password
1556361888,password
1556361903,password
1556361933,password
1556361948,password
1556361978,password
1556361993,password
1556362023,password
1556362053,password
1556362068,password
1556362083,password
1556362098,password
1556362113,password
1556362128,password
1556362143,password
1556362158,password
1556362173,password
1556362188,password
1556362203,password
1556362218,password
1556362233,password
1556362248,password
1556362263,password
1556362278,password
1556362293,password
1556362308,password
1556362323,password
1556362353,password
1556362368,password
1556362383,password
1556362398,password
1556362413,password
1556362428,password
1556362443,password
1556362458,password
1556362473,password
1556362488,password
1556362533,password
1556362548,password
1556362563,password
1556362593,password
1556362608,password
1556362623,password
1556362638,password
1556362653,password
1556362668,password
1556362683,password
1556362698,password
1556362713,password
1556362728,password
1556362758,password
1556362773,password
1556362788,password
1556362803,password
1556362818,password
1556362833,password
1556362848,password
1556362863,password
1556362878,password
1556362893,password
1556362908,password
1556362923,password
1556362953,password
1556362968,password
1556362983,password
1556363013,password
1556363028,password
1556363043,password
1556363073,password
1556363103,password
1556363118,password
1556363133,password
1556363148,password
1556363163,password
1556363178,password
1556363208,password
1556363223,password
1556363238,password
1556363253,password
1556363268,password
1556363283,password
1556363298,password
1556363313,password
1556363328,password
1556363343,password
1556363358,password
1556363373,password
1556363388,password
1556363403,password
1556363433,password
1556363448,password
1556363463,password
1556363478,password
1556363493,password
1556363508,password
1556363523,password
1556363538,password
1556363553,password
1556363568,password
1556363583,password
1556363613,password
1556363628,password
1556363643,password
1556363658,password
1556363673,password
1556363688,password
1556363703,password
1556363733,password
1556363763,password
1556363778,password
1556363793,password
1556363823,password
1556363838,password
1556363853,password
1556363868,password
1556363883,password
1556363898,password
1556363913,password
1556363928,password
1556363958,password
1556363973,password
1556363988,password
1556364003,password
1556364018,password
1556364033,password
1556364048,password
1556364063,password
1556364108,password
1556364123,password
1556364138,password
1556364153,password
1556364168,password
1556364183,password
1556364198,password
1556364213,password
1556364228,password
1556364243,password
1556364273,password
1556364288,password
1556364303,password
1556364318,password
1556364333,password
1556364348,password
1556364363,password
1556364378,password
1556364393,password
1556364408,password
1556364423,password
1556364453,password
1556364468,password
1556364483,password
1556364498,password
1556364513,password
1556364528,password
1556364543,password
1556364558,password
1556364573,password
1556364588,password
1556364603,password
1556364633,password
1556364648,password
1556364663,password
1556364693,password
1556364708,password
1556364723,password
1556364753,password
1556364768,password
1556364783,password
1556364798,password
1556364813,password
1556364828,password
1556364858,password
1556364888,password
1556364903,password
1556364918,password
1556364933,password
1556364948,password
1556364963,password
1556364993,password
1556365023,password
1556365053,password
1556365068,password
1556365083,password
1556365098,password
1556365113,password
1556365128,password
1556365173,password
1556365188,password
1556365203,password
1556365233,password
1556365248,password
1556365263,password
1556365293,password
1556365308,password
1556365323,password
1556365338,password
1556365353,password
1556365368,password
1556365383,password
1556365398,password
1556365413,password
1556365428,password
1556365443,password
1556365458,password
1556365473,password
1556365488,password
1556365503,password
1556365533,password
1556365548,password
1556365563,password
1556365578,password
1556365593,password
1556365608,password
1556365623,password
1556365653,password
1556365668,password
1556365683,password
1556365713,password
1556365728,password
1556365743,password
1556365758,password
1556365773,password
1556365788,password
1556365803,password
1556365818,password
1556365833,password
1556365848,password
1556365863,password
1556365908,password
1556365923,password
1556365938,password
1556365953,password
1556365968,password
1556365983,password
1556365998,password
1556366013,password
1556366028,password
1556366043,password
1556366073,password
1556366088,password
1556366103,password
1556366118,password
1556366133,password
1556366148,password
1556366163,password
1556366178,password
1556366193,password
1556366208,password
1556366223,password
1556366253,password
1556366268,password
1556366283,password
1556366298,password
1556366313,password
1556366358,password
1556366373,password
1556366388,password
1556366403,password
1556366418,password
1556366433,password
1556366448,password
1556366463,password
1556366478,password
1556366493,password
1556366508,password
1556366523,password
1556366553,password
1556366568,password
1556366583,password
1556366598,password
1556366613,password
1556366628,password
1556366643,password
1556366673,password
1556366688,password
1556366703,password
1556366718,password
1556366748,password
1556366763,password
1556366778,password
1556366808,password
1556366823,password
1556366838,password
1556366853,password
1556366868,password
1556366883,password
1556366913,password
1556366928,password
1556366973,password
1556366988,password
1556367003,password
1556367033,password
1556367048,password
1556367063,password
1556367078,password
1556367093,password
1556367108,password
1556367123,password
1556367138,password
1556367153,password
1556367168,password
1556367183,password
1556367198,password
1556367213,password
1556367228,password
1556367243,password
1556367273,password
1556367288,password
1556367303,password
1556367318,password
1556367333,password
1556367348,password
1556367363,password
1556367393,password
1556367408,password
1556367423,password
1556367453,password
1556367468,password
1556367483,password
1556367498,password
1556367513,password
1556367528,password
1556367543,password
1556367558,password
1556367573,password
1556367588,password
1556367603,password
1556367618,password
1556367633,password
1556367648,password
1556367693,password
1556367708,password
1556367723,password
1556367753,password
1556367783,password
1556367798,password
1556367813,password
1556367828,password
1556367843,password
1556367873,password
1556367888,password
1556367903,password
1556367933,password
1556367948,password
1556367978,password
1556367993,password
1556368008,password
1556368053,password
1556368068,password
1556368083,password
1556368098,password
1556368113,password
1556368128,password
1556368158,password
1556368173,password
1556368188,password
1556368203,password
1556368248,password
1556368263,password
1556368308,password
1556368338,password
1556368353,password
1556368368,password
1556368413,password
1556368428,password
1556368443,password
1556368458,password
1556368473,password
1556368488,password
1556368503,password
1556368533,password
1556368548,password
1556368563,password
1556368593,password
1556368608,password
1556368623,password
1556368653,password
1556368668,password
1556368683,password
1556368713,password
1556368728,password
1556368743,password
1556368758,password
1556368773,password
1556368788,password
1556368803,password
1556368818,password
1556368833,password
1556368848,password
1556425246,xss
1556425291,xss
1556425351,xss
1556429176,xss
1556485888,ransomware
1556485903,ransomware
1556485933,ransomware
1556485948,ransomware
1556486032,ransomware
1556486047,ransomware
1556486062,ransomware
1556486077,ransomware
1556486092,ransomware
1556486107,ransomware
1556486122,ransomware
1556486137,ransomware
1556486152,ransomware
1556486167,ransomware
1556486182,ransomware
1556486197,ransomware
1556486212,ransomware
1556486227,ransomware
1556486242,ransomware
1556486257,ransomware
1556486272,ransomware
1556486287,ransomware
1556486302,ransomware
1556486317,ransomware
1556486332,ransomware
1556486347,ransomware
1556486362,ransomware
1556486377,ransomware
1556486392,ransomware
1556486407,ransomware
1556486422,ransomware
1556486437,ransomware
1556486452,ransomware
1556486467,ransomware
1556486482,ransomware
1556486497,ransomware
1556486512,ransomware
1556486527,ransomware
1556486542,ransomware
1556486557,ransomware
1556486572,ransomware
1556486587,ransomware
1556486602,ransomware
1556486617,ransomware
1556486632,ransomware
1556486647,ransomware
1556486662,ransomware
1556486677,ransomware
1556486692,ransomware
1556486707,ransomware
1556486722,ransomware
1556486737,ransomware
1556486752,ransomware
1556486767,ransomware
1556486782,ransomware
1556486797,ransomware
1556486812,ransomware
1556486827,ransomware
1556486842,ransomware
1556486857,ransomware
1556486872,ransomware
1556486887,ransomware
1556486902,ransomware
1556486917,ransomware
1556486947,ransomware
1556486962,ransomware
1556486977,ransomware
1556486992,ransomware
1556487007,ransomware
1556487022,ransomware
1556487037,ransomware
1556487052,ransomware
1556487067,ransomware
1556487082,ransomware
1556487097,ransomware
1556487112,ransomware
1556487127,ransomware
1556487406,ransomware
1556487421,ransomware
1556487436,ransomware
1556487451,ransomware
1556487466,ransomware
1556498480,backdoor
1556498495,backdoor
1556498510,backdoor
1556498525,backdoor
1556498540,backdoor
1556498555,backdoor
1556498570,backdoor
1556498585,backdoor
1556498600,backdoor
1556498615,backdoor
1556498630,backdoor
1556498645,backdoor
1556498660,backdoor
1556498675,backdoor
1556498690,backdoor
1556498705,backdoor
1556498720,backdoor
1556498735,backdoor
1556498750,backdoor
1556498765,backdoor
1556498780,backdoor
1556498795,backdoor
1556498810,backdoor
1556498825,backdoor
1556498840,backdoor
1556498855,backdoor
1556498885,backdoor
1556498900,backdoor
1556498915,backdoor
1556498930,backdoor
1556498945,backdoor
1556498960,backdoor
1556498975,backdoor
1556498990,backdoor
1556499005,backdoor
1556499020,backdoor
1556499035,backdoor
1556499050,backdoor
1556499065,backdoor
1556499080,backdoor
1556499095,backdoor
1556499110,backdoor
1556499125,backdoor
1556499140,backdoor
1556499155,backdoor
1556499170,backdoor
1556499211,backdoor
1556499226,backdoor
1556499256,backdoor
1556499271,backdoor
1556499286,backdoor
1556499301,backdoor
1556499316,backdoor
1556499331,backdoor
1556499346,backdoor
1556499361,backdoor
1556499376,backdoor
1556499391,backdoor
1556499406,backdoor
1556499436,backdoor
1556499451,backdoor
1556499466,backdoor
1556499496,backdoor
1556499511,backdoor
1556499526,backdoor
1556499556,backdoor
1556499571,backdoor
1556499586,backdoor
1556499601,backdoor
1556499616,backdoor
1556499631,backdoor
1556499646,backdoor
1556499676,backdoor
1556499691,backdoor
1556499721,backdoor
1556499736,backdoor
1556499751,backdoor
1556499766,backdoor
1556499796,backdoor
1556499811,backdoor
1556499826,backdoor
1556499856,backdoor
1556499871,backdoor
1556499886,backdoor
1556499916,backdoor
1556499931,backdoor
1556499946,backdoor
1556499976,backdoor
1556499991,backdoor
1556500006,backdoor
1556500036,backdoor
1556500051,backdoor
1556500066,backdoor
1556500096,backdoor
1556500111,backdoor
1556500126,backdoor
1556500156,backdoor
1556500171,backdoor
1556500186,backdoor
1556500216,backdoor
1556500231,backdoor
1556500246,backdoor
1556500276,backdoor
1556500291,backdoor
1556500306,backdoor
1556500336,backdoor
1556500351,backdoor
1556500366,backdoor
1556500381,backdoor
1556500396,backdoor
1556500411,backdoor
1556500426,backdoor
1556500441,backdoor
1556500456,backdoor
1556500471,backdoor
1556500486,backdoor
1556500516,backdoor
1556500531,backdoor
1556500546,backdoor
1556500576,backdoor
1556500591,backdoor
1556500606,backdoor
1556500636,backdoor
1556500651,backdoor
1556500666,backdoor
1556500696,backdoor
1556500711,backdoor
1556500726,backdoor
1556500741,backdoor
1556500756,backdoor
1556500771,backdoor
1556500786,backdoor
1556500816,backdoor
1556500831,backdoor
1556500846,backdoor
1556500876,backdoor
1556500891,backdoor
1556500906,backdoor
1556500936,backdoor
1556500951,backdoor
1556500966,backdoor
1556500996,backdoor
1556501011,backdoor
1556501026,backdoor
1556501041,backdoor
1556501056,backdoor
1556501071,backdoor
1556501086,backdoor
1556501116,backdoor
1556501131,backdoor
1556501146,backdoor
1556501176,backdoor
1556501191,backdoor
1556501206,backdoor
1556501236,backdoor
1556501251,backdoor
1556501266,backdoor
1556501296,backdoor
1556501311,backdoor
1556501326,backdoor
1556501356,backdoor
1556501371,backdoor
1556501386,backdoor
1556501416,backdoor
1556501431,backdoor
1556501446,backdoor
1556501476,backdoor
1556501491,backdoor
1556501506,backdoor
1556501536,backdoor
1556501551,backdoor
1556501581,backdoor
1556501596,backdoor
1556501611,backdoor
1556501626,backdoor
1556501656,backdoor
1556501671,backdoor
1556501686,backdoor
1556501701,backdoor
1556501716,backdoor
1556501731,backdoor
1556501746,backdoor
1556501776,backdoor
1556501791,backdoor
1556501806,backdoor
1556501821,backdoor
1556501836,backdoor
1556501851,backdoor
1556501866,backdoor
1556501881,backdoor
1556501911,backdoor
1556501926,backdoor
1556501956,backdoor
1556501971,backdoor
1556501986,backdoor
1556502016,backdoor
1556502031,backdoor
1556502046,backdoor
1556502076,backdoor
1556502091,backdoor
1556502106,backdoor
1556502136,backdoor
1556502151,backdoor
1556502166,backdoor
1556502196,backdoor
1556502211,backdoor
1556502226,backdoor
1556502241,backdoor
1556502256,backdoor
1556502271,backdoor
1556502286,backdoor
1556502301,backdoor
1556502316,backdoor
1556502331,backdoor
1556502346,backdoor
1556502376,backdoor
1556502391,backdoor
1556502406,backdoor
1556502451,backdoor
1556502466,backdoor
1556502496,backdoor
1556502511,backdoor
1556502526,backdoor
1556502556,backdoor
1556502571,backdoor
1556502586,backdoor
1556502601,backdoor
1556502616,backdoor
1556502631,backdoor
1556502646,backdoor
1556502676,backdoor
1556502691,backdoor
1556502706,backdoor
1556502736,backdoor
1556502766,backdoor
1556502796,backdoor
1556502811,backdoor
1556502826,backdoor
1556502841,backdoor
1556502856,backdoor
1556502871,backdoor
1556502886,backdoor
1556502916,backdoor
1556502931,backdoor
1556502946,backdoor
1556502976,backdoor
1556502991,backdoor
1556503006,backdoor
1556503021,backdoor
1556503036,backdoor
1556503051,backdoor
1556503066,backdoor
1556503111,backdoor
1556503126,backdoor
1556503156,backdoor
1556503171,backdoor
1556503186,backdoor
1556503216,backdoor
1556503231,backdoor
1556503246,backdoor
1556503276,backdoor
1556503291,backdoor
1556503306,backdoor
1556503336,backdoor
1556503351,backdoor
1556503366,backdoor
1556503396,backdoor
1556503411,backdoor
1556503426,backdoor
1556503456,backdoor
1556503471,backdoor
1556503486,backdoor
1556503516,backdoor
1556503531,backdoor
1556503546,backdoor
1556503561,backdoor
1556503576,backdoor
1556503591,backdoor
1556503606,backdoor
1556503636,backdoor
1556503651,backdoor
1556503666,backdoor
1556503696,backdoor
1556503711,backdoor
1556503726,backdoor
1556503741,backdoor
1556503756,backdoor
1556503771,backdoor
1556503786,backdoor
1556503816,backdoor
1556503831,backdoor
1556503846,backdoor
1556503876,backdoor
1556503891,backdoor
1556503906,backdoor
1556503936,backdoor
1556503951,backdoor
1556503966,backdoor
1556503981,backdoor
1556503996,backdoor
1556504026,backdoor
1556504056,backdoor
1556504071,backdoor
1556504086,backdoor
1556504116,backdoor
1556504131,backdoor
1556504146,backdoor
1556504161,backdoor
1556504176,backdoor
1556504191,backdoor
1556504206,backdoor
1556504236,backdoor
1556504251,backdoor
1556504266,backdoor
1556504296,backdoor
1556504311,backdoor
1556504326,backdoor
1556504356,backdoor
1556504371,backdoor
1556504386,backdoor
1556504416,backdoor
1556504431,backdoor
1556504446,backdoor
1556504476,backdoor
1556504491,backdoor
1556504506,backdoor
1556504536,backdoor
1556504551,backdoor
1556504566,backdoor
1556504596,backdoor
1556504611,backdoor
1556504626,backdoor
1556504641,backdoor
1556504656,backdoor
1556504671,backdoor
1556504686,backdoor
1556504716,backdoor
1556504731,backdoor
1556504746,backdoor
1556504761,backdoor
1556504776,backdoor
1556504791,backdoor
1556504806,backdoor
1556504836,backdoor
1556504851,backdoor
1556504866,backdoor
1556504896,backdoor
1556504911,backdoor
1556504926,backdoor
1556504956,backdoor
1556504971,backdoor
1556504986,backdoor
1556505016,backdoor
1556505031,backdoor
1556505046,backdoor
1556505076,backdoor
1556505091,backdoor
1556505106,backdoor
1556505136,backdoor
1556505151,backdoor
1556505166,backdoor
1556505196,backdoor
1556505211,backdoor
1556505226,backdoor
1556505256,backdoor
1556505271,backdoor
1556505286,backdoor
1556505301,backdoor
1556505316,backdoor
1556505331,backdoor
1556505346,backdoor
1556505376,backdoor
1556505391,backdoor
1556505406,backdoor
1556505436,backdoor
1556505451,backdoor
1556505466,backdoor
1556505496,backdoor
1556505511,backdoor
1556505526,backdoor
1556505556,backdoor
1556505571,backdoor
1556505586,backdoor
1556505616,backdoor
1556505631,backdoor
1556505646,backdoor
1556505661,backdoor
1556505676,backdoor
1556505691,backdoor
1556505706,backdoor
1556505721,backdoor
1556505736,backdoor
1556505751,backdoor
1556505766,backdoor
1556505796,backdoor
1556505811,backdoor
1556505826,backdoor
1556505856,backdoor
1556505871,backdoor
1556505886,backdoor
1556505916,backdoor
1556505931,backdoor
1556505946,backdoor
1556505961,backdoor
1556505976,backdoor
1556505991,backdoor
1556506006,backdoor
1556506036,backdoor
1556506051,backdoor
1556506066,backdoor
1556506081,backdoor
1556506096,backdoor
1556506126,backdoor
1556506141,backdoor
1556506156,backdoor
1556506171,backdoor
1556506186,backdoor
1556506216,backdoor
1556506231,backdoor
1556506246,backdoor
1556506291,backdoor
1556506306,backdoor
1556506336,backdoor
1556506366,backdoor
1556506396,backdoor
1556506411,backdoor
1556506426,backdoor
1556506456,backdoor
1556506471,backdoor
1556506486,backdoor
1556506516,backdoor
1556506531,backdoor
1556506546,backdoor
1556506576,backdoor
1556506591,backdoor
1556506606,backdoor
1556506636,backdoor
1556506651,backdoor
1556506666,backdoor
1556506681,backdoor
1556506696,backdoor
1556506711,backdoor
1556506726,backdoor
1556506741,backdoor
1556506756,backdoor
1556506771,backdoor
1556506786,backdoor
1556506816,backdoor
1556506831,backdoor
1556506846,backdoor
1556506876,backdoor
1556506891,backdoor
1556506906,backdoor
1556506921,backdoor
1556506936,backdoor
1556506951,backdoor
1556506966,backdoor
1556506996,backdoor
1556507011,backdoor
1556507026,backdoor
1556507056,backdoor
1556507071,backdoor
1556507086,backdoor
1556507116,backdoor
1556507131,backdoor
1556507146,backdoor
1556507161,backdoor
1556507176,backdoor
1556507191,backdoor
1556507206,backdoor
1556507221,backdoor
1556507236,backdoor
1556507251,backdoor
1556507266,backdoor
1556507296,backdoor
1556507311,backdoor
1556507326,backdoor
1556507341,backdoor
1556507356,backdoor
1556507371,backdoor
1556507386,backdoor
1556507401,backdoor
1556507416,backdoor
1556507431,backdoor
1556507446,backdoor
1556507476,backdoor
1556507491,backdoor
1556507506,backdoor
1556507536,backdoor
1556507551,backdoor
1556507566,backdoor
1556507596,backdoor
1556507611,backdoor
1556507626,backdoor
1556507656,backdoor
1556507671,backdoor
1556507686,backdoor
1556507716,backdoor
1556507731,backdoor
1556507746,backdoor
1556507776,backdoor
1556507791,backdoor
1556507806,backdoor
1556507821,backdoor
1556507836,backdoor
1556507851,backdoor
1556507866,backdoor
1556507881,backdoor
1556507896,backdoor
1556507911,backdoor
1556507956,backdoor
1556507971,backdoor
1556507986,backdoor
1556508016,backdoor
1556508031,backdoor
1556508046,backdoor
1556508061,backdoor
1556508076,backdoor
1556508091,backdoor
1556508106,backdoor
1556508121,backdoor
1556508136,backdoor
1556508151,backdoor
1556508166,backdoor
1556508196,backdoor
1556508211,backdoor
1556508226,backdoor
1556508256,backdoor
1556508271,backdoor
1556508286,backdoor
1556508316,backdoor
1556508331,backdoor
1556508346,backdoor
1556508376,backdoor
1556508406,backdoor
1556508436,backdoor
1556508451,backdoor
1556508466,backdoor
1556508496,backdoor
1556508511,backdoor
1556508526,backdoor
1556508541,backdoor
1556508556,backdoor
1556508571,backdoor
1556508586,backdoor
1556508616,backdoor
1556508631,backdoor
1556508676,backdoor
1556508691,backdoor
1556508706,backdoor
1556508736,backdoor
1556508751,backdoor
1556508766,backdoor
1556508796,backdoor
1556508811,backdoor
1556508826,backdoor
1556508856,backdoor
1556508871,backdoor
1556508886,backdoor
1556508901,backdoor
1556508916,backdoor
1556508931,backdoor
1556508946,backdoor
1556508976,backdoor
1556508991,backdoor
1556509006,backdoor
1556509021,backdoor
1556509036,backdoor
1556509051,backdoor
1556509066,backdoor
1556509096,backdoor
1556509111,backdoor
1556509126,backdoor
1556509156,backdoor
1556509171,backdoor
1556509186,backdoor
1556509216,backdoor
1556509231,backdoor
1556509246,backdoor
1556509261,backdoor
1556509276,backdoor
1556509291,backdoor
1556509306,backdoor
1556509336,backdoor
1556509351,backdoor
1556509366,backdoor
1556509396,backdoor
1556509411,backdoor
1556509426,backdoor
1556509441,backdoor
1556509456,backdoor
1556509471,backdoor
1556509486,backdoor
1556509516,backdoor
1556509531,backdoor
1556509546,backdoor
1556509561,backdoor
1556509576,backdoor
1556509591,backdoor
1556509606,backdoor
1556509636,backdoor
1556509651,backdoor
1556509666,backdoor
1556509696,backdoor
1556509711,backdoor
1556509726,backdoor
1556509741,backdoor
1556509756,backdoor
1556509771,backdoor
1556509786,backdoor
1556509801,backdoor
1556509816,backdoor
1556509831,backdoor
1556509846,backdoor
1556509876,backdoor
1556509891,backdoor
1556509936,backdoor
1556509951,backdoor
1556509966,backdoor
1556509981,backdoor
1556509996,backdoor
1556510011,backdoor
1556510026,backdoor
1556510041,backdoor
1556510056,backdoor
1556510071,backdoor
1556510086,backdoor
1556510116,backdoor
1556510131,backdoor
1556510146,backdoor
1556510161,backdoor
1556510176,backdoor
1556510191,backdoor
1556510206,backdoor
1556510236,backdoor
1556510251,backdoor
1556510266,backdoor
1556510296,backdoor
1556510326,backdoor
1556510356,backdoor
1556510371,backdoor
1556510386,backdoor
1556510416,backdoor
1556510431,backdoor
1556510446,backdoor
1556510476,backdoor
1556510491,backdoor
1556510506,backdoor
1556510521,backdoor
1556510536,backdoor
1556510551,backdoor
1556510566,backdoor
1556510581,backdoor
1556510596,backdoor
1556510611,backdoor
1556510626,backdoor
1556510656,backdoor
1556510671,backdoor
1556510686,backdoor
1556510701,backdoor
1556510716,backdoor
1556510731,backdoor
1556510746,backdoor
1556510776,backdoor
1556510791,backdoor
1556510806,backdoor
1556510821,backdoor
1556510836,backdoor
1556510851,backdoor
1556510866,backdoor
1556510896,backdoor
1556510911,backdoor
1556510926,backdoor
1556510956,backdoor
1556510971,backdoor
1556510986,backdoor
1556511001,backdoor
1556511016,backdoor
1556511031,backdoor
1556511046,backdoor
1556511061,backdoor
1556511076,backdoor
1556511091,backdoor
1556511136,backdoor
1556511151,backdoor
1556511166,backdoor
1556511196,backdoor
1556511211,backdoor
1556511226,backdoor
1556511256,backdoor
1556511271,backdoor
1556511286,backdoor
1556511301,backdoor
1556511316,backdoor
1556511331,backdoor
1556511346,backdoor
1556511376,backdoor
1556511391,backdoor
1556511406,backdoor
1556511436,backdoor
1556511451,backdoor
1556511466,backdoor
1556511496,backdoor
1556511511,backdoor
1556511526,backdoor
1556511556,backdoor
1556511571,backdoor
1556511586,backdoor
1556511616,backdoor
1556511631,backdoor
1556511646,backdoor
1556511661,backdoor
1556511676,backdoor
1556511691,backdoor
1556511706,backdoor
1556511736,backdoor
1556511751,backdoor
1556511766,backdoor
1556511796,backdoor
1556511811,backdoor
1556511826,backdoor
1556511856,backdoor
1556511871,backdoor
1556511886,backdoor
1556511916,backdoor
1556511931,backdoor
1556511946,backdoor
1556511976,backdoor
1556511991,backdoor
1556512006,backdoor
1556512036,backdoor
1556512051,backdoor
1556512066,backdoor
1556512096,backdoor
1556512111,backdoor
1556512126,backdoor
1556512156,backdoor
1556512171,backdoor
1556512186,backdoor
1556512216,backdoor
1556512231,backdoor
1556512246,backdoor
1556512276,backdoor
1556512291,backdoor
1556512306,backdoor
1556512336,backdoor
1556512351,backdoor
1556512366,backdoor
1556512396,backdoor
1556512411,backdoor
1556512426,backdoor
1556512456,backdoor
1556512471,backdoor
1556512486,backdoor
1556512501,backdoor
1556512516,backdoor
1556512546,backdoor
1556512576,backdoor
1556512591,backdoor
1556512606,backdoor
1556512636,backdoor
1556512651,backdoor
1556512666,backdoor
1556512681,backdoor
1556512696,backdoor
1556512711,backdoor
1556512726,backdoor
1556512756,backdoor
1556512771,backdoor
1556512786,backdoor
1556512816,backdoor
1556512831,backdoor
1556512846,backdoor
1556512876,backdoor
1556512891,backdoor
1556512906,backdoor
1556512936,backdoor
1556512951,backdoor
1556512966,backdoor
1556512996,backdoor
1556513011,backdoor
1556513026,backdoor
1556513041,backdoor
1556513056,backdoor
1556513071,backdoor
1556513086,backdoor
1556513101,backdoor
1556513116,backdoor
1556513131,backdoor
1556513146,backdoor
1556513161,backdoor
1556513176,backdoor
1556513191,backdoor
1556513206,backdoor
1556513236,backdoor
1556513251,backdoor
1556513266,backdoor
1556513281,backdoor
1556513296,backdoor
1556513311,backdoor
1556513326,backdoor
1556513356,backdoor
1556513371,backdoor
1556513386,backdoor
1556513416,backdoor
1556513431,backdoor
1556513461,backdoor
1556513476,backdoor
1556513491,backdoor
1556513506,backdoor
1556513536,backdoor
1556513551,backdoor
1556513566,backdoor
1556513581,backdoor
1556513596,backdoor
1556513611,backdoor
1556513626,backdoor
1556513641,backdoor
1556513656,backdoor
1556513671,backdoor
1556513686,backdoor
1556513701,backdoor
1556513731,backdoor
1556513746,backdoor
1556513761,backdoor
1556513776,backdoor
1556513791,backdoor
1556513806,backdoor
1556513836,backdoor
1556513851,backdoor
1556513866,backdoor
1556513896,backdoor
1556513911,backdoor
1556513926,backdoor
1556513956,backdoor
1556513971,backdoor
1556514016,backdoor
1556514031,backdoor
1556514046,backdoor
1556514091,backdoor
1556514106,backdoor
1556514121,backdoor
1556514136,backdoor
1556514151,backdoor
1556514166,backdoor
1556514196,backdoor
1556514211,backdoor
1556514226,backdoor
1556514256,backdoor
1556514271,backdoor
1556514286,backdoor
1556514301,backdoor
1556514316,backdoor
1556514331,backdoor
1556514346,backdoor
1556514361,backdoor
1556514376,backdoor
1556514391,backdoor
1556514406,backdoor
1556514421,backdoor
1556514436,backdoor
1556514451,backdoor
1556514466,backdoor
1556514481,backdoor
1556514496,backdoor
1556514511,backdoor
1556514526,backdoor
1556514556,backdoor
1556514571,backdoor
1556514586,backdoor
1556514616,backdoor
1556514631,backdoor
1556514646,backdoor
1556514676,backdoor
1556514691,backdoor
1556514706,backdoor
1556514736,backdoor
1556514751,backdoor
1556514766,backdoor
1556514796,backdoor
1556514811,backdoor
1556514826,backdoor
1556514841,backdoor
1556514856,backdoor
1556514871,backdoor
1556514886,backdoor
1556514901,backdoor
1556514916,backdoor
1556514931,backdoor
1556514946,backdoor
1556514976,backdoor
1556514991,backdoor
1556515006,backdoor
1556515036,backdoor
1556515051,backdoor
1556515066,backdoor
1556515096,backdoor
1556515111,backdoor
1556515126,backdoor
1556515156,backdoor
1556515171,backdoor
1556515186,backdoor
1556515201,backdoor
1556515216,backdoor
1556515231,backdoor
1556515246,backdoor
1556515276,backdoor
1556515291,backdoor
1556515336,backdoor
1556515351,backdoor
1556515366,backdoor
1556515381,backdoor
1556515396,backdoor
1556515411,backdoor
1556515426,backdoor
1556515456,backdoor
1556515471,backdoor
1556515486,backdoor
1556515516,backdoor
1556515531,backdoor
1556515546,backdoor
1556515561,backdoor
1556515576,backdoor
1556515591,backdoor
1556515606,backdoor
1556515636,backdoor
1556515651,backdoor
1556515666,backdoor
1556515681,backdoor
1556515696,backdoor
1556515711,backdoor
1556515726,backdoor
1556515741,backdoor
1556515756,backdoor
1556515771,backdoor
1556515786,backdoor
1556515801,backdoor
1556515816,backdoor
1556515831,backdoor
1556515846,backdoor
1556515876,backdoor
1556515891,backdoor
1556515906,backdoor
1556515936,backdoor
1556515951,backdoor
1556515966,backdoor
1556515981,backdoor
1556515996,backdoor
1556516011,backdoor
1556516026,backdoor
1556516041,backdoor
1556516056,backdoor
1556516071,backdoor
1556516086,backdoor
1556516116,backdoor
1556516131,backdoor
1556516146,backdoor
1556516176,backdoor
1556516191,backdoor
1556516206,backdoor
1556516236,backdoor
1556516251,backdoor
1556516266,backdoor
1556516296,backdoor
1556516311,backdoor
1556516326,backdoor
1556516356,backdoor
1556516371,backdoor
1556516386,backdoor
1556516416,backdoor
1556516431,backdoor
1556516446,backdoor
1556516476,backdoor
1556516491,backdoor
1556516506,backdoor
1556516536,backdoor
1556516551,backdoor
1556516566,backdoor
1556516596,backdoor
1556516611,backdoor
1556516626,backdoor
1556516641,backdoor
1556516656,backdoor
1556516671,backdoor
1556516686,backdoor
1556516701,backdoor
1556516716,backdoor
1556516731,backdoor
1556516746,backdoor
1556516776,backdoor
1556516791,backdoor
1556516806,backdoor
1556516836,backdoor
1556516851,backdoor
1556516866,backdoor
1556516896,backdoor
1556516911,backdoor
1556516926,backdoor
1556516956,backdoor
1556516971,backdoor
1556516986,backdoor
1556517016,backdoor
1556517031,backdoor
1556517046,backdoor
1556517076,backdoor
1556517091,backdoor
1556517106,backdoor
1556517136,backdoor
1556517151,backdoor
1556517166,backdoor
1556517181,backdoor
1556517196,backdoor
1556517211,backdoor
1556517226,backdoor
1556517256,backdoor
1556517271,backdoor
1556517286,backdoor
1556517301,backdoor
1556517316,backdoor
1556517331,backdoor
1556517346,backdoor
1556517361,backdoor
1556517376,backdoor
1556517391,backdoor
1556517406,backdoor
1556517421,backdoor
1556517436,backdoor
1556517451,backdoor
1556517466,backdoor
1556517481,backdoor
1556517496,backdoor
1556517511,backdoor
1556517526,backdoor
1556517556,backdoor
1556517571,backdoor
1556517586,backdoor
1556517616,backdoor
1556517631,backdoor
1556517646,backdoor
1556517676,backdoor
1556517691,backdoor
1556517706,backdoor
1556517736,backdoor
1556517751,backdoor
1556517766,backdoor
1556517796,backdoor
1556517811,backdoor
1556517826,backdoor
1556517841,backdoor
1556517856,backdoor
1556517871,backdoor
1556517886,backdoor
1556517916,backdoor
1556517931,backdoor
1556517946,backdoor
1556517976,backdoor
1556517991,backdoor
1556518006,backdoor
1556518036,backdoor
1556518051,backdoor
1556518066,backdoor
1556518081,backdoor
1556518096,backdoor
1556518111,backdoor
1556518126,backdoor
1556518156,backdoor
1556518171,backdoor
1556518186,backdoor
1556518201,backdoor
1556518216,backdoor
1556518231,backdoor
1556518246,backdoor
1556518276,backdoor
1556518291,backdoor
1556518306,backdoor
1556518321,backdoor
1556518336,backdoor
1556518351,backdoor
1556518366,backdoor
1556518396,backdoor
1556518411,backdoor
1556518426,backdoor
1556518456,backdoor
1556518471,backdoor
1556518486,backdoor
1556518516,backdoor
1556518531,backdoor
1556518546,backdoor
1556518576,backdoor
1556518591,backdoor
1556518606,backdoor
1556518636,backdoor
1556518651,backdoor
1556518696,backdoor
1556518711,backdoor
1556518726,backdoor
1556518741,backdoor
1556518756,backdoor
1556518771,backdoor
1556518786,backdoor
1556518801,backdoor
1556518816,backdoor
1556518831,backdoor
1556518846,backdoor
1556518876,backdoor
1556518891,backdoor
1556518906,backdoor
1556518936,backdoor
1556518951,backdoor
1556518966,backdoor
1556518981,backdoor
1556518996,backdoor
1556519011,backdoor
1556519026,backdoor
1556519056,backdoor
1556519071,backdoor
1556519086,backdoor
1556519101,backdoor
1556519116,backdoor
1556519131,backdoor
1556519146,backdoor
1556519176,backdoor
1556519206,backdoor
1556519221,backdoor
1556519236,backdoor
1556519251,backdoor
1556519266,backdoor
1556519281,backdoor
1556519296,backdoor
1556519311,backdoor
1556519326,backdoor
1556519356,backdoor
1556519371,backdoor
1556519386,backdoor
1556519401,backdoor
1556519416,backdoor
1556519431,backdoor
1556519446,backdoor
1556519476,backdoor
1556519491,backdoor
1556519506,backdoor
1556519536,backdoor
1556519551,backdoor
1556519566,backdoor
1556519581,backdoor
1556519596,backdoor
1556519611,backdoor
1556519626,backdoor
1556519641,backdoor
1556519656,backdoor
1556519671,backdoor
1556519686,backdoor
1556519731,backdoor
1556519746,backdoor
1556519776,backdoor
1556519791,backdoor
1556519806,backdoor
1556519821,backdoor
1556519836,backdoor
1556519851,backdoor
1556519866,backdoor
1556519896,backdoor
1556519911,backdoor
1556519956,backdoor
1556519971,backdoor
1556519986,backdoor
1556520016,backdoor
1556520031,backdoor
1556520046,backdoor
1556520076,backdoor
1556520091,backdoor
1556520106,backdoor
1556520136,backdoor
1556520151,backdoor
1556520166,backdoor
1556520181,backdoor
1556520196,backdoor
1556520211,backdoor
1556520226,backdoor
1556520241,backdoor
1556520256,backdoor
1556520271,backdoor
1556520286,backdoor
1556520316,backdoor
1556520331,backdoor
1556520346,backdoor
1556520361,backdoor
1556520376,backdoor
1556520391,backdoor
1556520406,backdoor
1556520436,backdoor
1556520451,backdoor
1556520466,backdoor
1556520496,backdoor
1556520511,backdoor
1556520526,backdoor
1556520541,backdoor
1556520556,backdoor
1556520571,backdoor
1556520586,backdoor
1556520601,backdoor
1556520616,backdoor
1556520631,backdoor
1556520646,backdoor
1556520661,backdoor
1556520691,backdoor
1556520706,backdoor
1556520721,backdoor
1556520736,backdoor
1556520751,backdoor
1556520766,backdoor
1556520796,backdoor
1556520811,backdoor
1556520826,backdoor
1556520856,backdoor
1556520871,backdoor
1556520886,backdoor
1556520916,backdoor
1556520931,backdoor
1556520946,backdoor
1556520976,backdoor
1556520991,backdoor
1556521006,backdoor
1556521036,backdoor
1556521051,backdoor
1556521066,backdoor
1556521081,backdoor
1556521096,backdoor
1556521111,backdoor
1556521141,backdoor
1556521156,backdoor
1556521171,backdoor
1556521186,backdoor
1556521201,backdoor
1556521216,backdoor
1556521231,backdoor
1556521246,backdoor
1556521261,backdoor
1556521276,backdoor
1556521291,backdoor
1556521306,backdoor
1556521321,backdoor
1556521336,backdoor
1556521351,backdoor
1556521366,backdoor
1556521396,backdoor
1556521411,backdoor
1556521426,backdoor
1556521441,backdoor
1556521456,backdoor
1556521471,backdoor
1556521486,backdoor
1556521501,backdoor
1556521516,backdoor
1556521531,backdoor
1556521546,backdoor
1556521576,backdoor
1556521591,backdoor
1556521606,backdoor
1556521636,backdoor
1556521651,backdoor
1556521666,backdoor
1556521696,backdoor
1556521711,backdoor
1556521726,backdoor
1556521741,backdoor
1556521756,backdoor
1556521771,backdoor
1556521786,backdoor
1556521801,backdoor
1556521816,backdoor
1556521831,backdoor
1556521846,backdoor
1556521876,backdoor
1556521891,backdoor
1556521906,backdoor
1556521936,backdoor
1556521951,backdoor
1556521996,backdoor
1556522011,backdoor
1556522026,backdoor
1556522041,backdoor
1556522056,backdoor
1556522071,backdoor
1556522086,backdoor
1556522101,backdoor
1556522116,backdoor
1556522131,backdoor
1556522146,backdoor
1556522161,backdoor
1556522176,backdoor
1556522191,backdoor
1556522206,backdoor
1556522236,backdoor
1556522251,backdoor
1556522266,backdoor
1556522296,backdoor
1556522311,backdoor
1556522326,backdoor
1556522356,backdoor
1556522371,backdoor
1556522386,backdoor
1556522416,backdoor
1556522431,backdoor
1556522446,backdoor
1556522476,backdoor
1556522491,backdoor
1556522506,backdoor
1556522536,backdoor
1556522551,backdoor
1556522566,backdoor
1556522596,backdoor
1556522611,backdoor
1556522626,backdoor
1556522641,backdoor
1556522656,backdoor
1556522671,backdoor
1556522686,backdoor
1556522701,backdoor
1556522716,backdoor
1556522731,backdoor
1556522746,backdoor
1556522761,backdoor
1556522776,backdoor
1556522791,backdoor
1556522806,backdoor
1556522836,backdoor
1556522851,backdoor
1556522866,backdoor
1556522896,backdoor
1556522911,backdoor
1556522926,backdoor
1556522956,backdoor
1556522971,backdoor
1556522986,backdoor
1556523016,backdoor
1556523031,backdoor
1556523046,backdoor
1556523061,backdoor
1556523076,backdoor
1556523091,backdoor
1556523106,backdoor
1556523136,backdoor
1556523151,backdoor
1556523166,backdoor
1556523196,backdoor
1556523211,backdoor
1556523226,backdoor
1556523241,backdoor
1556523256,backdoor
1556523271,backdoor
1556523286,backdoor
1556523316,backdoor
1556523331,backdoor
1556523346,backdoor
1556523376,backdoor
1556523391,backdoor
1556523406,backdoor
1556523436,backdoor
1556523451,backdoor
1556523466,backdoor
1556523496,backdoor
1556523511,backdoor
1556523541,backdoor
1556523556,backdoor
1556523571,backdoor
1556523586,backdoor
1556523631,backdoor
1556523646,backdoor
1556523676,backdoor
1556523691,backdoor
1556523706,backdoor
1556523736,backdoor
1556523751,backdoor
1556523766,backdoor
1556523781,backdoor
1556523796,backdoor
1556523811,backdoor
1556523826,backdoor
1556523856,backdoor
1556523871,backdoor
1556523886,backdoor
1556523901,backdoor
1556523931,backdoor
1556523946,backdoor
1556523976,backdoor
1556523991,backdoor
1556524006,backdoor
1556524021,backdoor
1556524036,backdoor
1556524051,backdoor
1556524066,backdoor
1556524081,backdoor
1556524096,backdoor
1556524111,backdoor
1556524126,backdoor
1556524156,backdoor
1556524171,backdoor
1556524186,backdoor
1556524216,backdoor
1556524231,backdoor
1556524261,backdoor
1556524291,backdoor
1556524306,backdoor
1556524336,backdoor
1556524366,backdoor
1556524396,backdoor
1556524411,backdoor
1556524426,backdoor
1556524441,backdoor
1556524456,backdoor
1556524471,backdoor
1556524486,backdoor
1556524516,backdoor
1556524531,backdoor
1556524546,backdoor
1556524576,backdoor
1556524606,backdoor
1556524636,backdoor
1556524651,backdoor
1556524666,backdoor
1556524696,backdoor
1556524711,backdoor
1556524726,backdoor
1556524756,backdoor
1556524771,backdoor
1556524786,backdoor
1556524801,backdoor
1556524816,backdoor
1556524831,backdoor
1556524846,backdoor
1556524861,backdoor
1556524876,backdoor
1556524891,backdoor
1556524906,backdoor
1556524921,backdoor
1556524936,backdoor
1556524951,backdoor
1556524966,backdoor
1556524981,backdoor
1556525011,backdoor
1556525026,backdoor
1556525071,backdoor
1556525086,backdoor
1556525116,backdoor
1556525131,backdoor
1556525146,backdoor
1556525176,backdoor
1556525191,backdoor
1556525206,backdoor
1556525236,backdoor
1556525251,backdoor
1556525266,backdoor
1556525296,backdoor
1556525311,backdoor
1556525326,backdoor
1556525356,backdoor
1556525371,backdoor
1556525386,backdoor
1556525416,backdoor
1556525431,backdoor
1556525476,backdoor
1556525491,backdoor
1556525506,backdoor
1556525536,backdoor
1556525551,backdoor
1556525566,backdoor
1556525596,backdoor
1556525611,backdoor
1556525626,backdoor
1556525656,backdoor
1556525671,backdoor
1556525686,backdoor
1556525716,backdoor
1556525731,backdoor
1556525746,backdoor
1556525761,backdoor
1556525776,backdoor
1556525791,backdoor
1556525806,backdoor
1556525836,backdoor
1556525851,backdoor
1556525866,backdoor
1556525881,backdoor
1556525896,backdoor
1556525911,backdoor
1556525926,backdoor
1556525941,backdoor
1556525956,backdoor
1556525971,backdoor
1556525986,backdoor
1556526001,backdoor
1556526016,backdoor
1556526031,backdoor
1556526046,backdoor
1556526076,backdoor
1556526091,backdoor
1556526106,backdoor
1556526136,backdoor
1556526151,backdoor
1556526166,backdoor
1556526196,backdoor
1556526211,backdoor
1556526226,backdoor
1556526256,backdoor
1556526271,backdoor
1556526301,backdoor
1556526316,backdoor
1556526331,backdoor
1556526346,backdoor
1556526361,backdoor
1556526376,backdoor
1556526391,backdoor
1556526406,backdoor
1556526436,backdoor
1556526451,backdoor
1556526466,backdoor
1556526496,backdoor
1556526511,backdoor
1556526526,backdoor
1556526556,backdoor
1556526571,backdoor
1556526586,backdoor
1556526616,backdoor
1556526631,backdoor
1556526646,backdoor
1556526661,backdoor
1556526676,backdoor
1556526691,backdoor
1556526706,backdoor
1556526736,backdoor
1556526751,backdoor
1556526766,backdoor
1556526796,backdoor
1556526811,backdoor
1556526826,backdoor
1556526856,backdoor
1556526871,backdoor
1556526886,backdoor
1556526916,backdoor
1556526931,backdoor
1556526946,backdoor
1556526961,backdoor
1556526976,backdoor
1556526991,backdoor
1556527006,backdoor
1556527036,backdoor
1556527051,backdoor
1556527066,backdoor
1556527096,backdoor
1556527111,backdoor
1556527126,backdoor
1556527156,backdoor
1556527171,backdoor
1556527186,backdoor
1556527216,backdoor
1556527231,backdoor
1556527246,backdoor
1556527261,backdoor
1556527276,backdoor
1556527291,backdoor
1556527336,backdoor
1556527351,backdoor
1556527366,backdoor
1556527381,backdoor
1556527396,backdoor
1556527411,backdoor
1556527426,backdoor
1556527456,backdoor
1556527471,backdoor
1556527486,backdoor
1556527516,backdoor
1556527531,backdoor
1556527546,backdoor
1556527576,backdoor
1556527591,backdoor
1556527606,backdoor
1556527636,backdoor
1556527651,backdoor
1556527666,backdoor
1556527696,backdoor
1556527711,backdoor
1556527726,backdoor
1556527756,backdoor
1556527771,backdoor
1556527786,backdoor
1556527816,backdoor
1556527831,backdoor
1556527846,backdoor
1556527876,backdoor
1556527891,backdoor
1556527906,backdoor
1556527936,backdoor
1556527951,backdoor
1556527966,backdoor
1556527996,backdoor
1556528011,backdoor
1556528026,backdoor
1556528041,backdoor
1556528056,backdoor
1556528071,backdoor
1556528086,backdoor
1556528131,backdoor
1556528146,backdoor
1556528176,backdoor
1556528191,backdoor
1556528206,backdoor
1556528221,backdoor
1556528236,backdoor
1556528251,backdoor
1556528266,backdoor
1556528281,backdoor
1556528296,backdoor
1556528326,backdoor
1556528356,backdoor
1556528371,backdoor
1556528386,backdoor
1556528416,backdoor
1556528431,backdoor
1556528446,backdoor
1556528461,backdoor
1556528476,backdoor
1556528491,backdoor
1556528506,backdoor
1556528536,backdoor
1556528551,backdoor
1556528566,backdoor
1556528581,backdoor
1556528611,backdoor
1556528626,backdoor
1556528656,backdoor
1556528671,backdoor
1556528686,backdoor
1556528716,backdoor
1556528731,backdoor
1556528746,backdoor
1556528776,backdoor
1556528791,backdoor
1556528806,backdoor
1556528821,backdoor
1556528836,backdoor
1556528851,backdoor
1556528866,backdoor
1556528896,backdoor
1556528911,backdoor
1556528926,backdoor
1556528956,backdoor
1556528971,backdoor
1556528986,backdoor
1556529016,backdoor
1556529031,backdoor
1556529046,backdoor
1556529076,backdoor
1556529091,backdoor
1556529106,backdoor
1556529136,backdoor
1556529151,backdoor
1556529166,backdoor
1556529181,backdoor
1556529196,backdoor
1556529211,backdoor
1556529226,backdoor
1556529256,backdoor
1556529271,backdoor
1556529286,backdoor
1556529316,backdoor
1556529331,backdoor
1556529346,backdoor
1556529361,backdoor
1556529376,backdoor
1556529391,backdoor
1556529406,backdoor
1556529421,backdoor
1556529451,backdoor
1556529466,backdoor
1556529496,backdoor
1556529511,backdoor
1556529526,backdoor
1556529556,backdoor
1556529571,backdoor
1556529586,backdoor
1556529601,backdoor
1556529616,backdoor
1556529631,backdoor
1556529646,backdoor
1556529661,backdoor
1556529676,backdoor
1556529691,backdoor
1556529706,backdoor
1556529736,backdoor
1556529751,backdoor
1556529766,backdoor
1556529796,backdoor
1556529811,backdoor
1556529826,backdoor
1556529856,backdoor
1556529871,backdoor
1556529886,backdoor
1556529916,backdoor
1556529931,backdoor
1556529946,backdoor
1556529976,backdoor
1556529991,backdoor
1556530006,backdoor
1556530021,backdoor
1556530036,backdoor
1556530051,backdoor
1556530066,backdoor
1556530096,backdoor
1556530111,backdoor
1556530126,backdoor
1556530141,backdoor
1556530156,backdoor
1556530171,backdoor
1556530186,backdoor
1556530231,backdoor
1556530246,backdoor
1556530276,backdoor
1556530291,backdoor
1556530306,backdoor
1556530336,backdoor
1556530351,backdoor
1556530366,backdoor
1556530396,backdoor
1556530411,backdoor
1556530426,backdoor
1556530456,backdoor
1556530471,backdoor
1556530486,backdoor
1556530501,backdoor
1556530516,backdoor
1556530531,backdoor
1556530546,backdoor
1556530561,backdoor
1556530576,backdoor
1556530591,backdoor
1556530606,backdoor
1556530636,backdoor
1556530651,backdoor
1556530666,backdoor
1556530696,backdoor
1556530711,backdoor
1556530726,backdoor
1556530756,backdoor
1556530771,backdoor
1556530786,backdoor
1556530801,backdoor
1556530816,backdoor
1556530831,backdoor
1556530846,backdoor
1556530861,backdoor
1556530876,backdoor
1556530891,backdoor
1556530906,backdoor
1556530921,backdoor
1556530936,backdoor
1556530951,backdoor
1556530966,backdoor
1556530996,backdoor
1556531011,backdoor
1556531026,backdoor
1556531056,backdoor
1556531071,backdoor
1556531086,backdoor
1556531116,backdoor
1556531131,backdoor
1556541211,backdoor
1556541301,backdoor
1556541526,backdoor
1556541646,backdoor
1556541691,backdoor
1556541781,backdoor
1556542126,backdoor
1556546956,backdoor
1556547106,backdoor
1556547121,backdoor
1556547211,backdoor
1556547226,backdoor
1556548411,backdoor
